[
{
   "model": "contenttypes.contenttype",
   "pk": 1,
   "fields": {
      "app_label": "admin",
      "model": "logentry"
   }
},
{
   "model": "contenttypes.contenttype",
   "pk": 2,
   "fields": {
      "app_label": "auth",
      "model": "permission"
   }
},
{
   "model": "contenttypes.contenttype",
   "pk": 3,
   "fields": {
      "app_label": "auth",
      "model": "user"
   }
},
{
   "model": "contenttypes.contenttype",
   "pk": 4,
   "fields": {
      "app_label": "auth",
      "model": "group"
   }
},
{
   "model": "contenttypes.contenttype",
   "pk": 5,
   "fields": {
      "app_label": "contenttypes",
      "model": "contenttype"
   }
},
{
   "model": "contenttypes.contenttype",
   "pk": 6,
   "fields": {
      "app_label": "sessions",
      "model": "session"
   }
},
{
   "model": "contenttypes.contenttype",
   "pk": 7,
   "fields": {
      "app_label": "land",
      "model": "sabscriber"
   }
},
{
   "model": "contenttypes.contenttype",
   "pk": 8,
   "fields": {
      "app_label": "orders",
      "model": "status"
   }
},
{
   "model": "contenttypes.contenttype",
   "pk": 9,
   "fields": {
      "app_label": "orders",
      "model": "order"
   }
},
{
   "model": "contenttypes.contenttype",
   "pk": 10,
   "fields": {
      "app_label": "orders",
      "model": "productinorder"
   }
},
{
   "model": "contenttypes.contenttype",
   "pk": 11,
   "fields": {
      "app_label": "products",
      "model": "product"
   }
},
{
   "model": "contenttypes.contenttype",
   "pk": 12,
   "fields": {
      "app_label": "products",
      "model": "productimage"
   }
},
{
   "model": "contenttypes.contenttype",
   "pk": 13,
   "fields": {
      "app_label": "orders",
      "model": "delivery"
   }
},
{
   "model": "contenttypes.contenttype",
   "pk": 14,
   "fields": {
      "app_label": "orders",
      "model": "statusdelivery"
   }
},
{
   "model": "contenttypes.contenttype",
   "pk": 15,
   "fields": {
      "app_label": "products",
      "model": "category"
   }
},
{
   "model": "contenttypes.contenttype",
   "pk": 16,
   "fields": {
      "app_label": "orders",
      "model": "productinbasket"
   }
},
{
   "model": "contenttypes.contenttype",
   "pk": 17,
   "fields": {
      "app_label": "orders",
      "model": "deliveryinorder"
   }
},
{
   "model": "sessions.session",
   "pk": "lnvuap68rmn1zoqbn472laq1137ge0qb",
   "fields": {
      "session_data": "Yzg4M2UxMmUwZmU4MTk4N2M2ODRkNjZmZjFjYmE3Yzg2NDdhZDUxOTp7Il9hdXRoX3VzZXJfaGFzaCI6ImExOGE3MzUzNzZmMGUzZGFhZjE4Y2M2ZDg2OTllMjYyOGQwNmUwMTIiLCJfYXV0aF91c2VyX2JhY2tlbmQiOiJkamFuZ28uY29udHJpYi5hdXRoLmJhY2tlbmRzLk1vZGVsQmFja2VuZCIsIl9hdXRoX3VzZXJfaWQiOiIxIn0=",
      "expire_date": "2018-03-06T23:53:36.258Z"
   }
},
{
   "model": "sessions.session",
   "pk": "qtnnl90xa6yfob8aixoxp3xelkd4r04f",
   "fields": {
      "session_data": "ODQ1MDgxOTkxNjAzOTAwOWM4ZjdkZGJhZGQzZTBhMWIyZTFiZmNkZDp7Il9hdXRoX3VzZXJfaGFzaCI6ImExOGE3MzUzNzZmMGUzZGFhZjE4Y2M2ZDg2OTllMjYyOGQwNmUwMTIiLCJfYXV0aF91c2VyX2lkIjoiMSIsIl9hdXRoX3VzZXJfYmFja2VuZCI6ImRqYW5nby5jb250cmliLmF1dGguYmFja2VuZHMuTW9kZWxCYWNrZW5kIn0=",
      "expire_date": "2018-02-05T20:21:17.752Z"
   }
},
{
   "model": "sessions.session",
   "pk": "un5phwzx289homzcuxaxy62uwbmbdc63",
   "fields": {
      "session_data": "NzE5OWYzOWNjMDBiNWJhODBmZTMwMDAwNjYwZTIyZDRlNDlkN2Q0NDp7Il9hdXRoX3VzZXJfYmFja2VuZCI6ImRqYW5nby5jb250cmliLmF1dGguYmFja2VuZHMuTW9kZWxCYWNrZW5kIiwiX2F1dGhfdXNlcl9pZCI6IjEiLCJfYXV0aF91c2VyX2hhc2giOiJhMThhNzM1Mzc2ZjBlM2RhYWYxOGNjNmQ4Njk5ZTI2MjhkMDZlMDEyIn0=",
      "expire_date": "2018-01-17T17:43:32.135Z"
   }
},
{
   "model": "sessions.session",
   "pk": "vbxu44bzm81tco25opmlt5azmfjb8vd6",
   "fields": {
      "session_data": "Yzg4M2UxMmUwZmU4MTk4N2M2ODRkNjZmZjFjYmE3Yzg2NDdhZDUxOTp7Il9hdXRoX3VzZXJfaGFzaCI6ImExOGE3MzUzNzZmMGUzZGFhZjE4Y2M2ZDg2OTllMjYyOGQwNmUwMTIiLCJfYXV0aF91c2VyX2JhY2tlbmQiOiJkamFuZ28uY29udHJpYi5hdXRoLmJhY2tlbmRzLk1vZGVsQmFja2VuZCIsIl9hdXRoX3VzZXJfaWQiOiIxIn0=",
      "expire_date": "2018-02-19T21:09:51.874Z"
   }
},
{
   "model": "sessions.session",
   "pk": "xmmcfqqexfpdhcer2dwaolwbx6if6e17",
   "fields": {
      "session_data": "ZTZkM2RkYmVjZTc5YTliMTc1YWI2MjRhYmE1ZmE4ZDAxMGRjOWFjNjp7Il9hdXRoX3VzZXJfYmFja2VuZCI6ImRqYW5nby5jb250cmliLmF1dGguYmFja2VuZHMuTW9kZWxCYWNrZW5kIiwiX2F1dGhfdXNlcl9oYXNoIjoiYTE4YTczNTM3NmYwZTNkYWFmMThjYzZkODY5OWUyNjI4ZDA2ZTAxMiIsIl9hdXRoX3VzZXJfaWQiOiIxIn0=",
      "expire_date": "2017-12-05T22:43:46.257Z"
   }
},
{
   "model": "land.sabscriber",
   "pk": 1,
   "fields": {
      "sabscriber_name": "user",
      "sabscriber_email": "user@gmail.com"
   }
},
{
   "model": "land.sabscriber",
   "pk": 2,
   "fields": {
      "sabscriber_name": "name",
      "sabscriber_email": "name@gmail.com"
   }
},
{
   "model": "products.category",
   "pk": 1,
   "fields": {
      "category_name": "Laptop",
      "category_image": "category_image/new-macbook-pro01_02112016_t4UPEgP.jpg",
      "category_url": "/laptop/",
      "is_active": true
   }
},
{
   "model": "products.category",
   "pk": 2,
   "fields": {
      "category_name": "iPhone",
      "category_image": "category_image/apple-iphone-X-black-2-3x.jpg",
      "category_url": "/iphone/",
      "is_active": true
   }
},
{
   "model": "products.category",
   "pk": 3,
   "fields": {
      "category_name": "iPad",
      "category_image": "category_image/iPad-pro-2018_VEPHZia.jpg",
      "category_url": "/ipad/",
      "is_active": true
   }
},
{
   "model": "products.category",
   "pk": 4,
   "fields": {
      "category_name": "iMac",
      "category_image": "category_image/imacpro-27-retina-config-hero_7I4zmPp.jpg",
      "category_url": "/imac/",
      "is_active": true
   }
},
{
   "model": "products.product",
   "pk": 1,
   "fields": {
      "category": 2,
      "name": "Apple iPhone 7 32GB Black",
      "description": "Display                                                                    4.7\"\r\n\r\nSize and Weight                                                     5.44 x 2.64 x 0.28 inches\r\n                                                                                  4.87 ounces\r\n\r\nOperating System and Processor                      Compatible with iOS 11\r\n                                                                                 A10 Fusion Chip\r\n\r\nBattery Life                                                            Up to 10 days\r\n                                                                                 Up to 14 hours\r\n\r\nCamera, Photos and Video                                 12MP Wide-Angle Camera\r\n                                                                                 4K Video Recording\r\n                                                                                 7MP FaceTime HD Camera\r\n\r\nMemory                                                                  32 GB\r\n\r\nConnectivity                                                          Sync methods: USB, Bluetooth, Wi-Fi 802.11a/b/g/n/ac \r\n                                                                                 with MIMO, NFC, LTE Advanced (up to 450 Mbps), Wi-Fi \r\n                                                                                Calling\r\n\r\nGPS and Apps                                                      GPS Enabled\r\n\r\nFrequency                                                             Quad Band GSM\r\n                                                                                LTE: 1, 2, 3, 4, 5, 7, 8, 12, 13, 17, 18, 19, 20, 25, 26, 41\r\n                                                                                UMTS: Band I (2100), Band II (1900), Band IV \r\n                                                                                (1700/2100), Band V (850), Band VIII (900)\r\n\r\nHearing Aid Compatibility                                  M3\r\n                                                                                T4\r\n\r\nMobile Pay                                                            Apple Pay",
      "price": 549.99,
      "discount": 0,
      "discount_price": "549.99",
      "is_active": true,
      "comments": "iPhone 7 features a 12MP camera with 4K video and optical image stabilization, a 4.7\u2011inch Retina HD display with wide color gamut and 3D Touch, A10 Fusion chip for high performance, and great battery life. It\u2019s water and dust resistant, and is compatible with iOS 11\u2014a giant step for iPhone, and a new standard for the world\u2019s most advanced mobile operating system.\r\n\r\nDevice purchase requires a SIM Starter Kit which will be added to your order automatically.",
      "created": "2018-01-03T19:14:15.365Z",
      "updated": "2018-02-03T13:02:17.790Z"
   }
},
{
   "model": "products.product",
   "pk": 2,
   "fields": {
      "category": 2,
      "name": "Apple iPhone 7 Plus 32GB Black",
      "description": "Display                                                                    5.5\"\r\n\r\nSize and Weight                                                     6.23 x 3.07 x 0.29 inches\r\n                                                                                  6.63 ounces\r\n\r\nOperating System and Processor                      Compatible with iOS 11\r\n                                                                                 A10 Fusion Chip\r\n\r\nBattery Life                                                            Up to 16 days\r\n                                                                                 Up to 21 hours\r\n\r\nCamera, Photos and Video                                 12MP Wide-Angle Camera\r\n                                                                                 4K Video Recording\r\n                                                                                 7MP FaceTime HD Camera\r\n\r\nMemory                                                                  32 GB\r\n\r\nConnectivity                                                          Sync methods: USB, Bluetooth, Wi-Fi 802.11a/b/g/n/ac \r\n                                                                                 with MIMO, NFC, LTE Advanced (up to 450 Mbps), Wi-Fi \r\n                                                                                Calling\r\n\r\nGPS and Apps                                                      GPS Enabled\r\n\r\nFrequency                                                             Quad Band GSM\r\n                                                                                LTE: 1, 2, 3, 4, 5, 7, 8, 12, 13, 17, 18, 19, 20, 25, 26, 41\r\n                                                                                UMTS: Band I (2100), Band II (1900), Band IV \r\n                                                                                (1700/2100), Band V (850), Band VIII (900)\r\n\r\nHearing Aid Compatibility                                  M3\r\n                                                                                T4\r\n\r\nMobile Pay                                                            Apple Pay",
      "price": 669.99,
      "discount": 15,
      "discount_price": "569.49",
      "is_active": true,
      "comments": "iPhone 7 Plus features 12MP dual cameras with 4K video, optical image stabilization, and Portrait mode. A 5.5-inch Retina HD display with wide color gamut and 3D Touch. A10 Fusion chip for high performance. Great battery life. It\u2019s water and dust resistant, and is compatible with iOS 11\u2014a giant step for iPhone, and a new standard for the world\u2019s most advanced mobile operating system.\r\n\r\nDevice purchase requires a SIM Starter Kit which will be added to your order automatically.",
      "created": "2018-01-03T22:05:57.462Z",
      "updated": "2018-02-03T13:02:09.506Z"
   }
},
{
   "model": "products.product",
   "pk": 3,
   "fields": {
      "category": 1,
      "name": "MacBook Pro 13-inch - Space Grey",
      "description": "Processor                                                               2.3GHz dual-core 7th-generation Intel Core i5 processor, \r\n                                                                                 Turbo Boost up to 3.6GHz\r\n\r\nMemory                                                                   8GB 2133MHz LPDDR3 memory\r\n\r\nStorage                                                                    128GB SSD storage\r\n\r\nGraphic Processor                                                 Intel Iris Plus Graphics 640\r\n\r\nPorts                                                                        Two Thunderbolt 3 ports\r\n\r\nColor                                                                         Space Grey\r\n\r\nKeyboard Language                                              Backlit Keyboard - US English \r\n\r\nOperating System                                                  Mac OS Sierra 64 bit",
      "price": 1729.99,
      "discount": 5,
      "discount_price": "1643.49",
      "is_active": true,
      "comments": "Apple takes a complete product life cycle approach to determining our environmental impact. Learn more\r\n\r\nMacBook Pro is designed with the following features to reduce its environmental impact:\r\nMercury-free LED-backlit display\r\nArsenic-free display glass\r\nBFR-free\r\nPVC-free5\r\nBeryllium-free\r\nHighly recyclable aluminum enclosure\r\nMeets ENERGY STAR 6.1 requirements\r\nRated EPEAT Gold6\r\nApple and the Environment\r\nLearn more about Apple\u2019s dedication to reducing the environmental impact of our products and process. Or read our Product Environmental Reports for detailed information on the environmental performance of every Apple product.\r\n\r\nRecycling\r\nApple takes a holistic view of materials management and waste minimization.",
      "created": "2018-02-03T20:11:41.442Z",
      "updated": "2018-02-03T20:39:04.368Z"
   }
},
{
   "model": "products.productimage",
   "pk": 1,
   "fields": {
      "product": 1,
      "is_main": true,
      "is_active": true,
      "image": "product_image/Apple-iPhone7-MatBlack-1-3x.jpg",
      "created": "2018-01-03T19:14:15.404Z",
      "updated": "2018-02-03T13:02:17.794Z"
   }
},
{
   "model": "products.productimage",
   "pk": 2,
   "fields": {
      "product": 1,
      "is_main": false,
      "is_active": true,
      "image": "product_image/apple-iphone-7-matteblack-3-3x1.jpg",
      "created": "2018-01-03T19:14:15.409Z",
      "updated": "2018-01-03T19:14:15.409Z"
   }
},
{
   "model": "products.productimage",
   "pk": 3,
   "fields": {
      "product": 1,
      "is_main": false,
      "is_active": true,
      "image": "product_image/apple-iphone-7-matteblack-2-3x.jpg",
      "created": "2018-01-03T19:14:15.425Z",
      "updated": "2018-01-03T19:14:15.425Z"
   }
},
{
   "model": "products.productimage",
   "pk": 4,
   "fields": {
      "product": 1,
      "is_main": false,
      "is_active": true,
      "image": "product_image/apple-iphone-7-matteblack-3-3x1_1.jpg",
      "created": "2018-01-03T19:14:15.446Z",
      "updated": "2018-01-03T19:14:15.446Z"
   }
},
{
   "model": "products.productimage",
   "pk": 5,
   "fields": {
      "product": 2,
      "is_main": true,
      "is_active": true,
      "image": "product_image/Apple-iPhone7-Plus-MatBlack-1-3x.jpg",
      "created": "2018-01-03T22:05:57.489Z",
      "updated": "2018-02-03T13:02:09.510Z"
   }
},
{
   "model": "products.productimage",
   "pk": 6,
   "fields": {
      "product": 2,
      "is_main": false,
      "is_active": true,
      "image": "product_image/apple-iphone-7plus-matteblack-3-3x.jpg",
      "created": "2018-01-03T22:05:57.494Z",
      "updated": "2018-01-03T22:05:57.494Z"
   }
},
{
   "model": "products.productimage",
   "pk": 7,
   "fields": {
      "product": 2,
      "is_main": false,
      "is_active": true,
      "image": "product_image/apple-iphone-7plus-matteblack-2-3x.jpg",
      "created": "2018-01-03T22:05:57.500Z",
      "updated": "2018-01-03T22:05:57.500Z"
   }
},
{
   "model": "products.productimage",
   "pk": 8,
   "fields": {
      "product": 3,
      "is_main": true,
      "is_active": true,
      "image": "product_image/mbp13-space-gallery2-201610_ano5eWy.jpg",
      "created": "2018-02-03T20:11:41.476Z",
      "updated": "2018-02-03T20:39:04.403Z"
   }
},
{
   "model": "products.productimage",
   "pk": 9,
   "fields": {
      "product": 3,
      "is_main": false,
      "is_active": true,
      "image": "product_image/mbp13-space-gallery1-201610.jpg",
      "created": "2018-02-03T20:11:41.485Z",
      "updated": "2018-02-03T20:11:41.485Z"
   }
},
{
   "model": "products.productimage",
   "pk": 10,
   "fields": {
      "product": 3,
      "is_main": false,
      "is_active": true,
      "image": "product_image/mbp13-space-gallery3-201610.jpg",
      "created": "2018-02-03T20:11:41.489Z",
      "updated": "2018-02-03T20:11:41.489Z"
   }
},
{
   "model": "products.productimage",
   "pk": 11,
   "fields": {
      "product": 3,
      "is_main": false,
      "is_active": true,
      "image": "product_image/mbp13-space-gallery4-201610.jpg",
      "created": "2018-02-03T20:11:41.541Z",
      "updated": "2018-02-03T20:11:41.541Z"
   }
},
{
   "model": "orders.status",
   "pk": 1,
   "fields": {
      "status_name": "New",
      "is_active": true,
      "created": "2018-01-03T20:39:09.512Z",
      "updated": "2018-01-03T20:39:09.512Z"
   }
},
{
   "model": "orders.status",
   "pk": 2,
   "fields": {
      "status_name": "\u0406s processed",
      "is_active": true,
      "created": "2018-01-04T00:28:48.753Z",
      "updated": "2018-01-04T00:28:48.753Z"
   }
},
{
   "model": "orders.status",
   "pk": 3,
   "fields": {
      "status_name": "\u0421anceled",
      "is_active": true,
      "created": "2018-01-04T00:29:53.239Z",
      "updated": "2018-01-04T00:29:53.239Z"
   }
},
{
   "model": "orders.status",
   "pk": 4,
   "fields": {
      "status_name": "\u0421ompleted",
      "is_active": true,
      "created": "2018-01-04T00:30:19.735Z",
      "updated": "2018-01-04T00:30:19.735Z"
   }
},
{
   "model": "orders.delivery",
   "pk": 1,
   "fields": {
      "delivery_type": "To the house",
      "status_delivery_type": true,
      "price_for_delivery_type": 50,
      "created": "2018-01-03T20:39:09.511Z",
      "updated": "2018-01-05T00:56:00.339Z"
   }
},
{
   "model": "orders.delivery",
   "pk": 2,
   "fields": {
      "delivery_type": "By mail",
      "status_delivery_type": true,
      "price_for_delivery_type": 20,
      "created": "2018-01-04T00:43:18.263Z",
      "updated": "2018-01-04T00:43:18.263Z"
   }
},
{
   "model": "orders.deliveryinorder",
   "pk": 1,
   "fields": {
      "order": null,
      "delivery": 2,
      "delivery_status": null,
      "created": "2018-02-23T19:56:53.551Z",
      "updated": "2018-02-23T20:00:48.473Z"
   }
},
{
   "model": "orders.deliveryinorder",
   "pk": 2,
   "fields": {
      "order": 1,
      "delivery": 1,
      "delivery_status": null,
      "created": "2018-02-23T22:36:23.737Z",
      "updated": "2018-02-23T22:46:47.316Z"
   }
},
{
   "model": "orders.deliveryinorder",
   "pk": 3,
   "fields": {
      "order": 2,
      "delivery": 2,
      "delivery_status": null,
      "created": "2018-02-23T22:45:17.611Z",
      "updated": "2018-02-23T22:46:36.482Z"
   }
},
{
   "model": "orders.deliveryinorder",
   "pk": 4,
   "fields": {
      "order": 20,
      "delivery": 2,
      "delivery_status": null,
      "created": "2018-02-25T20:14:53.565Z",
      "updated": "2018-02-25T20:17:32.812Z"
   }
},
{
   "model": "orders.deliveryinorder",
   "pk": 5,
   "fields": {
      "order": 21,
      "delivery": 2,
      "delivery_status": null,
      "created": "2018-02-25T20:18:58.768Z",
      "updated": "2018-02-25T20:28:17.757Z"
   }
},
{
   "model": "orders.deliveryinorder",
   "pk": 6,
   "fields": {
      "order": 22,
      "delivery": 1,
      "delivery_status": null,
      "created": "2018-02-25T20:29:43.829Z",
      "updated": "2018-02-25T20:29:43.829Z"
   }
},
{
   "model": "orders.deliveryinorder",
   "pk": 7,
   "fields": {
      "order": 23,
      "delivery": 2,
      "delivery_status": null,
      "created": "2018-02-25T20:29:44.257Z",
      "updated": "2018-02-25T20:34:11.012Z"
   }
},
{
   "model": "orders.deliveryinorder",
   "pk": 9,
   "fields": {
      "order": 25,
      "delivery": 1,
      "delivery_status": null,
      "created": "2018-02-25T20:42:44.419Z",
      "updated": "2018-02-25T20:42:44.419Z"
   }
},
{
   "model": "orders.deliveryinorder",
   "pk": 10,
   "fields": {
      "order": 26,
      "delivery": 2,
      "delivery_status": null,
      "created": "2018-02-25T20:43:15.659Z",
      "updated": "2018-02-25T20:43:15.660Z"
   }
},
{
   "model": "orders.deliveryinorder",
   "pk": 13,
   "fields": {
      "order": 28,
      "delivery": 1,
      "delivery_status": null,
      "created": "2018-02-26T14:09:00.436Z",
      "updated": "2018-02-26T14:09:00.436Z"
   }
},
{
   "model": "orders.deliveryinorder",
   "pk": 14,
   "fields": {
      "order": 29,
      "delivery": 1,
      "delivery_status": null,
      "created": "2018-02-26T14:36:27.051Z",
      "updated": "2018-02-26T14:36:27.051Z"
   }
},
{
   "model": "orders.deliveryinorder",
   "pk": 15,
   "fields": {
      "order": 29,
      "delivery": 1,
      "delivery_status": null,
      "created": "2018-02-26T14:36:27.561Z",
      "updated": "2018-02-26T14:36:27.561Z"
   }
},
{
   "model": "orders.deliveryinorder",
   "pk": 16,
   "fields": {
      "order": 30,
      "delivery": 1,
      "delivery_status": null,
      "created": "2018-02-26T14:40:01.580Z",
      "updated": "2018-02-26T14:40:01.580Z"
   }
},
{
   "model": "orders.deliveryinorder",
   "pk": 17,
   "fields": {
      "order": 31,
      "delivery": 1,
      "delivery_status": null,
      "created": "2018-02-26T14:41:17.576Z",
      "updated": "2018-02-26T14:41:17.576Z"
   }
},
{
   "model": "orders.deliveryinorder",
   "pk": 18,
   "fields": {
      "order": 32,
      "delivery": 1,
      "delivery_status": null,
      "created": "2018-02-26T14:42:54.270Z",
      "updated": "2018-02-26T14:42:54.270Z"
   }
},
{
   "model": "orders.deliveryinorder",
   "pk": 19,
   "fields": {
      "order": 33,
      "delivery": 1,
      "delivery_status": null,
      "created": "2018-02-26T14:46:36.512Z",
      "updated": "2018-02-26T14:46:36.512Z"
   }
},
{
   "model": "orders.deliveryinorder",
   "pk": 20,
   "fields": {
      "order": 34,
      "delivery": 2,
      "delivery_status": null,
      "created": "2018-03-01T00:27:32.565Z",
      "updated": "2018-03-01T00:27:32.565Z"
   }
},
{
   "model": "orders.deliveryinorder",
   "pk": 21,
   "fields": {
      "order": 35,
      "delivery": 1,
      "delivery_status": null,
      "created": "2018-03-01T01:41:16.727Z",
      "updated": "2018-03-01T01:41:16.727Z"
   }
},
{
   "model": "orders.productinorder",
   "pk": 1,
   "fields": {
      "order": 1,
      "product_status": true,
      "product": 1,
      "price_for_one": "549.99",
      "number": 2,
      "price_all": "1099.98",
      "created": "2018-01-03T20:39:09.510Z",
      "updated": "2018-02-23T19:09:43.763Z"
   }
},
{
   "model": "orders.productinorder",
   "pk": 2,
   "fields": {
      "order": 1,
      "product_status": true,
      "product": 2,
      "price_for_one": "569.49",
      "number": 1,
      "price_all": "569.49",
      "created": "2018-01-03T22:06:20.333Z",
      "updated": "2018-02-23T18:36:21.972Z"
   }
},
{
   "model": "orders.productinorder",
   "pk": 3,
   "fields": {
      "order": 2,
      "product_status": true,
      "product": 1,
      "price_for_one": "549.99",
      "number": 1,
      "price_all": "549.99",
      "created": "2018-01-04T01:41:09.361Z",
      "updated": "2018-01-05T01:49:26.293Z"
   }
},
{
   "model": "orders.productinorder",
   "pk": 4,
   "fields": {
      "order": 2,
      "product_status": true,
      "product": 2,
      "price_for_one": "669.99",
      "number": 2,
      "price_all": "1339.98",
      "created": "2018-01-04T01:41:09.403Z",
      "updated": "2018-01-05T01:04:03.002Z"
   }
},
{
   "model": "orders.productinorder",
   "pk": 5,
   "fields": {
      "order": null,
      "product_status": true,
      "product": 3,
      "price_for_one": "1643.49",
      "number": 1,
      "price_all": "1643.49",
      "created": "2018-02-17T12:30:41.002Z",
      "updated": "2018-02-17T12:30:41.002Z"
   }
},
{
   "model": "orders.productinorder",
   "pk": 6,
   "fields": {
      "order": 7,
      "product_status": true,
      "product": 3,
      "price_for_one": "1643.49",
      "number": 1,
      "price_all": "1643.49",
      "created": "2018-02-17T12:31:44.256Z",
      "updated": "2018-02-17T12:31:44.256Z"
   }
},
{
   "model": "orders.productinorder",
   "pk": 7,
   "fields": {
      "order": 7,
      "product_status": true,
      "product": 1,
      "price_for_one": "549.99",
      "number": 2,
      "price_all": "1099.98",
      "created": "2018-02-17T12:31:44.452Z",
      "updated": "2018-02-17T12:31:44.452Z"
   }
},
{
   "model": "orders.productinorder",
   "pk": 8,
   "fields": {
      "order": 8,
      "product_status": true,
      "product": 3,
      "price_for_one": "1643.49",
      "number": 1,
      "price_all": "1643.49",
      "created": "2018-02-17T12:51:48.188Z",
      "updated": "2018-02-17T12:51:48.188Z"
   }
},
{
   "model": "orders.productinorder",
   "pk": 9,
   "fields": {
      "order": 8,
      "product_status": true,
      "product": 1,
      "price_for_one": "549.99",
      "number": 3,
      "price_all": "1649.97",
      "created": "2018-02-17T12:51:48.484Z",
      "updated": "2018-02-17T12:51:48.484Z"
   }
},
{
   "model": "orders.productinorder",
   "pk": 10,
   "fields": {
      "order": 9,
      "product_status": true,
      "product": 3,
      "price_for_one": "1643.49",
      "number": 1,
      "price_all": "1643.49",
      "created": "2018-02-17T13:00:32.845Z",
      "updated": "2018-02-17T13:00:32.845Z"
   }
},
{
   "model": "orders.productinorder",
   "pk": 11,
   "fields": {
      "order": 9,
      "product_status": true,
      "product": 1,
      "price_for_one": "549.99",
      "number": 3,
      "price_all": "1649.97",
      "created": "2018-02-17T13:00:33.165Z",
      "updated": "2018-02-17T13:00:33.165Z"
   }
},
{
   "model": "orders.productinorder",
   "pk": 12,
   "fields": {
      "order": 10,
      "product_status": true,
      "product": 2,
      "price_for_one": "569.49",
      "number": 1,
      "price_all": "569.49",
      "created": "2018-02-17T13:17:52.057Z",
      "updated": "2018-02-17T13:17:52.057Z"
   }
},
{
   "model": "orders.productinorder",
   "pk": 13,
   "fields": {
      "order": 10,
      "product_status": true,
      "product": 3,
      "price_for_one": "1643.49",
      "number": 1,
      "price_all": "1643.49",
      "created": "2018-02-17T13:17:52.341Z",
      "updated": "2018-02-17T13:17:52.341Z"
   }
},
{
   "model": "orders.productinorder",
   "pk": 14,
   "fields": {
      "order": 11,
      "product_status": true,
      "product": 1,
      "price_for_one": "549.99",
      "number": 2,
      "price_all": "1099.98",
      "created": "2018-02-17T16:51:02.466Z",
      "updated": "2018-02-17T16:51:02.466Z"
   }
},
{
   "model": "orders.productinorder",
   "pk": 15,
   "fields": {
      "order": 12,
      "product_status": true,
      "product": 1,
      "price_for_one": "549.99",
      "number": 14,
      "price_all": "7699.86",
      "created": "2018-02-17T23:45:32.301Z",
      "updated": "2018-02-17T23:45:32.301Z"
   }
},
{
   "model": "orders.productinorder",
   "pk": 16,
   "fields": {
      "order": 12,
      "product_status": true,
      "product": 2,
      "price_for_one": "569.49",
      "number": 6,
      "price_all": "3416.94",
      "created": "2018-02-17T23:45:32.636Z",
      "updated": "2018-02-17T23:45:32.636Z"
   }
},
{
   "model": "orders.productinorder",
   "pk": 17,
   "fields": {
      "order": 12,
      "product_status": true,
      "product": 3,
      "price_for_one": "1643.49",
      "number": 3,
      "price_all": "4930.47",
      "created": "2018-02-17T23:45:32.954Z",
      "updated": "2018-02-17T23:45:32.954Z"
   }
},
{
   "model": "orders.productinorder",
   "pk": 18,
   "fields": {
      "order": 13,
      "product_status": true,
      "product": 2,
      "price_for_one": "569.49",
      "number": 2,
      "price_all": "1138.98",
      "created": "2018-02-19T15:16:49.457Z",
      "updated": "2018-02-19T15:16:49.457Z"
   }
},
{
   "model": "orders.productinorder",
   "pk": 19,
   "fields": {
      "order": 13,
      "product_status": true,
      "product": 3,
      "price_for_one": "1643.49",
      "number": 1,
      "price_all": "1643.49",
      "created": "2018-02-19T15:16:49.790Z",
      "updated": "2018-02-19T15:16:49.790Z"
   }
},
{
   "model": "orders.productinorder",
   "pk": 20,
   "fields": {
      "order": 13,
      "product_status": true,
      "product": 1,
      "price_for_one": "549.99",
      "number": 1,
      "price_all": "549.99",
      "created": "2018-02-19T15:16:50.056Z",
      "updated": "2018-02-19T15:16:50.056Z"
   }
},
{
   "model": "orders.productinorder",
   "pk": 21,
   "fields": {
      "order": 20,
      "product_status": true,
      "product": 3,
      "price_for_one": "1643.49",
      "number": 1,
      "price_all": "1643.49",
      "created": "2018-02-25T20:14:53.918Z",
      "updated": "2018-02-25T20:14:53.918Z"
   }
},
{
   "model": "orders.productinorder",
   "pk": 22,
   "fields": {
      "order": 21,
      "product_status": true,
      "product": 1,
      "price_for_one": "549.99",
      "number": 1,
      "price_all": "549.99",
      "created": "2018-02-25T20:18:58.773Z",
      "updated": "2018-02-25T20:18:58.773Z"
   }
},
{
   "model": "orders.productinorder",
   "pk": 23,
   "fields": {
      "order": 22,
      "product_status": true,
      "product": 2,
      "price_for_one": "569.49",
      "number": 1,
      "price_all": "569.49",
      "created": "2018-02-25T20:29:43.877Z",
      "updated": "2018-02-25T20:29:43.877Z"
   }
},
{
   "model": "orders.productinorder",
   "pk": 24,
   "fields": {
      "order": 23,
      "product_status": true,
      "product": 2,
      "price_for_one": "569.49",
      "number": 1,
      "price_all": "569.49",
      "created": "2018-02-25T20:29:44.313Z",
      "updated": "2018-02-25T20:29:44.313Z"
   }
},
{
   "model": "orders.productinorder",
   "pk": 26,
   "fields": {
      "order": 25,
      "product_status": true,
      "product": 2,
      "price_for_one": "569.49",
      "number": 1,
      "price_all": "569.49",
      "created": "2018-02-25T20:42:44.419Z",
      "updated": "2018-02-25T20:42:44.419Z"
   }
},
{
   "model": "orders.productinorder",
   "pk": 27,
   "fields": {
      "order": 26,
      "product_status": true,
      "product": 1,
      "price_for_one": "549.99",
      "number": 1,
      "price_all": "549.99",
      "created": "2018-02-25T20:43:15.660Z",
      "updated": "2018-02-25T20:43:15.660Z"
   }
},
{
   "model": "orders.productinorder",
   "pk": 30,
   "fields": {
      "order": 28,
      "product_status": true,
      "product": 1,
      "price_for_one": "549.99",
      "number": 2,
      "price_all": "1099.98",
      "created": "2018-02-26T14:09:00.549Z",
      "updated": "2018-02-26T14:09:00.549Z"
   }
},
{
   "model": "orders.productinorder",
   "pk": 31,
   "fields": {
      "order": 26,
      "product_status": true,
      "product": 2,
      "price_for_one": "569.49",
      "number": 1,
      "price_all": "569.49",
      "created": "2018-02-26T14:33:42.574Z",
      "updated": "2018-02-26T14:33:42.574Z"
   }
},
{
   "model": "orders.productinorder",
   "pk": 32,
   "fields": {
      "order": 28,
      "product_status": true,
      "product": 3,
      "price_for_one": "1643.49",
      "number": 1,
      "price_all": "1643.49",
      "created": "2018-02-26T14:34:33.150Z",
      "updated": "2018-02-26T14:34:33.150Z"
   }
},
{
   "model": "orders.productinorder",
   "pk": 33,
   "fields": {
      "order": 29,
      "product_status": true,
      "product": 1,
      "price_for_one": "549.99",
      "number": 2,
      "price_all": "1099.98",
      "created": "2018-02-26T14:36:27.152Z",
      "updated": "2018-02-26T14:36:27.152Z"
   }
},
{
   "model": "orders.productinorder",
   "pk": 34,
   "fields": {
      "order": 29,
      "product_status": true,
      "product": 2,
      "price_for_one": "569.49",
      "number": 1,
      "price_all": "569.49",
      "created": "2018-02-26T14:36:27.661Z",
      "updated": "2018-02-26T14:36:27.661Z"
   }
},
{
   "model": "orders.productinorder",
   "pk": 35,
   "fields": {
      "order": 30,
      "product_status": true,
      "product": 3,
      "price_for_one": "1643.49",
      "number": 1,
      "price_all": "1643.49",
      "created": "2018-02-26T14:40:01.669Z",
      "updated": "2018-02-26T14:40:01.669Z"
   }
},
{
   "model": "orders.productinorder",
   "pk": 36,
   "fields": {
      "order": 32,
      "product_status": true,
      "product": 2,
      "price_for_one": "569.49",
      "number": 1,
      "price_all": "569.49",
      "created": "2018-02-26T14:42:54.271Z",
      "updated": "2018-02-26T14:42:54.272Z"
   }
},
{
   "model": "orders.productinorder",
   "pk": 37,
   "fields": {
      "order": 32,
      "product_status": true,
      "product": 1,
      "price_for_one": "549.99",
      "number": 1,
      "price_all": "549.99",
      "created": "2018-02-26T14:43:15.516Z",
      "updated": "2018-02-26T14:43:15.516Z"
   }
},
{
   "model": "orders.productinorder",
   "pk": 38,
   "fields": {
      "order": 33,
      "product_status": true,
      "product": 3,
      "price_for_one": "1643.49",
      "number": 1,
      "price_all": "1643.49",
      "created": "2018-02-26T14:46:36.722Z",
      "updated": "2018-02-26T14:46:36.722Z"
   }
},
{
   "model": "orders.productinorder",
   "pk": 39,
   "fields": {
      "order": 33,
      "product_status": true,
      "product": 1,
      "price_for_one": "549.99",
      "number": 1,
      "price_all": "549.99",
      "created": "2018-02-26T14:46:37.112Z",
      "updated": "2018-02-26T14:46:37.112Z"
   }
},
{
   "model": "orders.productinorder",
   "pk": 40,
   "fields": {
      "order": 34,
      "product_status": true,
      "product": 3,
      "price_for_one": "1643.49",
      "number": 3,
      "price_all": "4930.47",
      "created": "2018-03-01T00:27:32.861Z",
      "updated": "2018-03-01T00:27:32.861Z"
   }
},
{
   "model": "orders.productinorder",
   "pk": 41,
   "fields": {
      "order": 35,
      "product_status": true,
      "product": 1,
      "price_for_one": "549.99",
      "number": 2,
      "price_all": "1099.98",
      "created": "2018-03-01T01:41:16.916Z",
      "updated": "2018-03-01T01:41:16.916Z"
   }
},
{
   "model": "orders.productinbasket",
   "pk": 45,
   "fields": {
      "session_key": "vbxu44bzm81tco25opmlt5azmfjb8vd6",
      "order": 9,
      "is_active": true,
      "product": 3,
      "price_for_one": "1643.49",
      "number": 6,
      "price_all": "9860.94",
      "created": "2018-02-10T23:01:50.385Z",
      "updated": "2018-02-17T13:16:01.497Z"
   }
},
{
   "model": "orders.productinbasket",
   "pk": 46,
   "fields": {
      "session_key": "vbxu44bzm81tco25opmlt5azmfjb8vd6",
      "order": 9,
      "is_active": true,
      "product": 1,
      "price_for_one": "549.99",
      "number": 3,
      "price_all": "1649.97",
      "created": "2018-02-10T23:02:00.335Z",
      "updated": "2018-02-17T13:00:33.033Z"
   }
},
{
   "model": "orders.productinbasket",
   "pk": 48,
   "fields": {
      "session_key": "vbxu44bzm81tco25opmlt5azmfjb8vd6",
      "order": 10,
      "is_active": true,
      "product": 2,
      "price_for_one": "569.49",
      "number": 1,
      "price_all": "569.49",
      "created": "2018-02-17T13:13:36.876Z",
      "updated": "2018-02-17T13:17:51.925Z"
   }
},
{
   "model": "orders.productinbasket",
   "pk": 49,
   "fields": {
      "session_key": "vbxu44bzm81tco25opmlt5azmfjb8vd6",
      "order": 10,
      "is_active": true,
      "product": 3,
      "price_for_one": "1643.49",
      "number": 1,
      "price_all": "1643.49",
      "created": "2018-02-17T13:16:59.577Z",
      "updated": "2018-02-17T13:17:52.229Z"
   }
},
{
   "model": "orders.productinbasket",
   "pk": 56,
   "fields": {
      "session_key": "vbxu44bzm81tco25opmlt5azmfjb8vd6",
      "order": 11,
      "is_active": true,
      "product": 1,
      "price_for_one": "549.99",
      "number": 2,
      "price_all": "1099.98",
      "created": "2018-02-17T16:33:56.223Z",
      "updated": "2018-02-17T16:51:02.346Z"
   }
},
{
   "model": "orders.productinbasket",
   "pk": 57,
   "fields": {
      "session_key": "vbxu44bzm81tco25opmlt5azmfjb8vd6",
      "order": 12,
      "is_active": true,
      "product": 1,
      "price_for_one": "549.99",
      "number": 14,
      "price_all": "7699.86",
      "created": "2018-02-17T16:58:23.763Z",
      "updated": "2018-02-17T23:45:32.159Z"
   }
},
{
   "model": "orders.productinbasket",
   "pk": 58,
   "fields": {
      "session_key": "vbxu44bzm81tco25opmlt5azmfjb8vd6",
      "order": 12,
      "is_active": true,
      "product": 2,
      "price_for_one": "569.49",
      "number": 6,
      "price_all": "3416.94",
      "created": "2018-02-17T22:22:43.302Z",
      "updated": "2018-02-17T23:45:32.527Z"
   }
},
{
   "model": "orders.productinbasket",
   "pk": 59,
   "fields": {
      "session_key": "vbxu44bzm81tco25opmlt5azmfjb8vd6",
      "order": 12,
      "is_active": true,
      "product": 3,
      "price_for_one": "1643.49",
      "number": 3,
      "price_all": "4930.47",
      "created": "2018-02-17T23:35:08.085Z",
      "updated": "2018-02-17T23:45:32.822Z"
   }
},
{
   "model": "orders.productinbasket",
   "pk": 64,
   "fields": {
      "session_key": "vbxu44bzm81tco25opmlt5azmfjb8vd6",
      "order": 13,
      "is_active": true,
      "product": 2,
      "price_for_one": "569.49",
      "number": 2,
      "price_all": "1138.98",
      "created": "2018-02-19T14:50:31.780Z",
      "updated": "2018-02-19T15:16:49.312Z"
   }
},
{
   "model": "orders.productinbasket",
   "pk": 65,
   "fields": {
      "session_key": "vbxu44bzm81tco25opmlt5azmfjb8vd6",
      "order": 13,
      "is_active": true,
      "product": 3,
      "price_for_one": "1643.49",
      "number": 1,
      "price_all": "1643.49",
      "created": "2018-02-19T14:50:48.455Z",
      "updated": "2018-02-19T15:16:49.681Z"
   }
},
{
   "model": "orders.productinbasket",
   "pk": 66,
   "fields": {
      "session_key": "vbxu44bzm81tco25opmlt5azmfjb8vd6",
      "order": 13,
      "is_active": true,
      "product": 1,
      "price_for_one": "549.99",
      "number": 1,
      "price_all": "549.99",
      "created": "2018-02-19T14:50:50.507Z",
      "updated": "2018-02-19T15:16:49.943Z"
   }
},
{
   "model": "orders.productinbasket",
   "pk": 67,
   "fields": {
      "session_key": "vbxu44bzm81tco25opmlt5azmfjb8vd6",
      "order": null,
      "is_active": true,
      "product": 1,
      "price_for_one": "549.99",
      "number": 3,
      "price_all": "1649.97",
      "created": "2018-02-19T15:17:07.080Z",
      "updated": "2018-02-19T15:28:32.684Z"
   }
},
{
   "model": "orders.productinbasket",
   "pk": 68,
   "fields": {
      "session_key": "vbxu44bzm81tco25opmlt5azmfjb8vd6",
      "order": null,
      "is_active": true,
      "product": 3,
      "price_for_one": "1643.49",
      "number": 3,
      "price_all": "4930.47",
      "created": "2018-02-19T15:17:08.637Z",
      "updated": "2018-02-19T15:29:51.509Z"
   }
},
{
   "model": "orders.productinbasket",
   "pk": 69,
   "fields": {
      "session_key": "vbxu44bzm81tco25opmlt5azmfjb8vd6",
      "order": null,
      "is_active": true,
      "product": 2,
      "price_for_one": "569.49",
      "number": 3,
      "price_all": "1708.47",
      "created": "2018-02-19T15:25:21.909Z",
      "updated": "2018-02-19T15:30:18.018Z"
   }
},
{
   "model": "orders.productinbasket",
   "pk": 72,
   "fields": {
      "session_key": "lnvuap68rmn1zoqbn472laq1137ge0qb",
      "order": 20,
      "is_active": true,
      "product": 3,
      "price_for_one": "1643.49",
      "number": 1,
      "price_all": "1643.49",
      "created": "2018-02-24T18:46:20.543Z",
      "updated": "2018-02-25T20:14:53.843Z"
   }
},
{
   "model": "orders.productinbasket",
   "pk": 75,
   "fields": {
      "session_key": "lnvuap68rmn1zoqbn472laq1137ge0qb",
      "order": 28,
      "is_active": true,
      "product": 1,
      "price_for_one": "549.99",
      "number": 2,
      "price_all": "1099.98",
      "created": "2018-02-26T13:57:21.236Z",
      "updated": "2018-02-26T14:09:00.230Z"
   }
},
{
   "model": "orders.productinbasket",
   "pk": 76,
   "fields": {
      "session_key": "lnvuap68rmn1zoqbn472laq1137ge0qb",
      "order": 29,
      "is_active": true,
      "product": 1,
      "price_for_one": "549.99",
      "number": 2,
      "price_all": "1099.98",
      "created": "2018-02-26T14:35:23.809Z",
      "updated": "2018-02-26T14:36:26.785Z"
   }
},
{
   "model": "orders.productinbasket",
   "pk": 77,
   "fields": {
      "session_key": "lnvuap68rmn1zoqbn472laq1137ge0qb",
      "order": 29,
      "is_active": true,
      "product": 2,
      "price_for_one": "569.49",
      "number": 1,
      "price_all": "569.49",
      "created": "2018-02-26T14:35:26.030Z",
      "updated": "2018-02-26T14:36:27.342Z"
   }
},
{
   "model": "orders.productinbasket",
   "pk": 78,
   "fields": {
      "session_key": "lnvuap68rmn1zoqbn472laq1137ge0qb",
      "order": 30,
      "is_active": true,
      "product": 3,
      "price_for_one": "1643.49",
      "number": 1,
      "price_all": "1643.49",
      "created": "2018-02-26T14:35:27.509Z",
      "updated": "2018-02-26T14:40:01.143Z"
   }
},
{
   "model": "orders.productinbasket",
   "pk": 79,
   "fields": {
      "session_key": "lnvuap68rmn1zoqbn472laq1137ge0qb",
      "order": 33,
      "is_active": true,
      "product": 3,
      "price_for_one": "1643.49",
      "number": 1,
      "price_all": "1643.49",
      "created": "2018-02-26T14:45:43.570Z",
      "updated": "2018-02-26T14:46:36.631Z"
   }
},
{
   "model": "orders.productinbasket",
   "pk": 80,
   "fields": {
      "session_key": "lnvuap68rmn1zoqbn472laq1137ge0qb",
      "order": 33,
      "is_active": true,
      "product": 1,
      "price_for_one": "549.99",
      "number": 1,
      "price_all": "549.99",
      "created": "2018-02-26T14:45:44.933Z",
      "updated": "2018-02-26T14:46:37.013Z"
   }
},
{
   "model": "orders.productinbasket",
   "pk": 81,
   "fields": {
      "session_key": "lnvuap68rmn1zoqbn472laq1137ge0qb",
      "order": 34,
      "is_active": true,
      "product": 3,
      "price_for_one": "1643.49",
      "number": 3,
      "price_all": "4930.47",
      "created": "2018-02-26T14:50:16.204Z",
      "updated": "2018-03-01T00:27:32.700Z"
   }
},
{
   "model": "orders.productinbasket",
   "pk": 82,
   "fields": {
      "session_key": "lnvuap68rmn1zoqbn472laq1137ge0qb",
      "order": 35,
      "is_active": true,
      "product": 1,
      "price_for_one": "549.99",
      "number": 2,
      "price_all": "1099.98",
      "created": "2018-03-01T00:30:51.257Z",
      "updated": "2018-03-01T01:41:16.824Z"
   }
},
{
   "model": "orders.productinbasket",
   "pk": 128,
   "fields": {
      "session_key": "lnvuap68rmn1zoqbn472laq1137ge0qb",
      "order": null,
      "is_active": true,
      "product": 1,
      "price_for_one": "549.99",
      "number": 1,
      "price_all": "549.99",
      "created": "2018-03-01T16:38:57.128Z",
      "updated": "2018-03-01T16:45:56.113Z"
   }
},
{
   "model": "orders.productinbasket",
   "pk": 129,
   "fields": {
      "session_key": "lnvuap68rmn1zoqbn472laq1137ge0qb",
      "order": null,
      "is_active": true,
      "product": 3,
      "price_for_one": "1643.49",
      "number": 1,
      "price_all": "1643.49",
      "created": "2018-03-01T16:38:58.176Z",
      "updated": "2018-03-01T16:45:56.257Z"
   }
},
{
   "model": "auth.permission",
   "pk": 1,
   "fields": {
      "name": "Can add log entry",
      "content_type": 1,
      "codename": "add_logentry"
   }
},
{
   "model": "auth.permission",
   "pk": 2,
   "fields": {
      "name": "Can change log entry",
      "content_type": 1,
      "codename": "change_logentry"
   }
},
{
   "model": "auth.permission",
   "pk": 3,
   "fields": {
      "name": "Can delete log entry",
      "content_type": 1,
      "codename": "delete_logentry"
   }
},
{
   "model": "auth.permission",
   "pk": 4,
   "fields": {
      "name": "Can add permission",
      "content_type": 2,
      "codename": "add_permission"
   }
},
{
   "model": "auth.permission",
   "pk": 5,
   "fields": {
      "name": "Can change permission",
      "content_type": 2,
      "codename": "change_permission"
   }
},
{
   "model": "auth.permission",
   "pk": 6,
   "fields": {
      "name": "Can delete permission",
      "content_type": 2,
      "codename": "delete_permission"
   }
},
{
   "model": "auth.permission",
   "pk": 7,
   "fields": {
      "name": "Can add user",
      "content_type": 3,
      "codename": "add_user"
   }
},
{
   "model": "auth.permission",
   "pk": 8,
   "fields": {
      "name": "Can change user",
      "content_type": 3,
      "codename": "change_user"
   }
},
{
   "model": "auth.permission",
   "pk": 9,
   "fields": {
      "name": "Can delete user",
      "content_type": 3,
      "codename": "delete_user"
   }
},
{
   "model": "auth.permission",
   "pk": 10,
   "fields": {
      "name": "Can add group",
      "content_type": 4,
      "codename": "add_group"
   }
},
{
   "model": "auth.permission",
   "pk": 11,
   "fields": {
      "name": "Can change group",
      "content_type": 4,
      "codename": "change_group"
   }
},
{
   "model": "auth.permission",
   "pk": 12,
   "fields": {
      "name": "Can delete group",
      "content_type": 4,
      "codename": "delete_group"
   }
},
{
   "model": "auth.permission",
   "pk": 13,
   "fields": {
      "name": "Can add content type",
      "content_type": 5,
      "codename": "add_contenttype"
   }
},
{
   "model": "auth.permission",
   "pk": 14,
   "fields": {
      "name": "Can change content type",
      "content_type": 5,
      "codename": "change_contenttype"
   }
},
{
   "model": "auth.permission",
   "pk": 15,
   "fields": {
      "name": "Can delete content type",
      "content_type": 5,
      "codename": "delete_contenttype"
   }
},
{
   "model": "auth.permission",
   "pk": 16,
   "fields": {
      "name": "Can add session",
      "content_type": 6,
      "codename": "add_session"
   }
},
{
   "model": "auth.permission",
   "pk": 17,
   "fields": {
      "name": "Can change session",
      "content_type": 6,
      "codename": "change_session"
   }
},
{
   "model": "auth.permission",
   "pk": 18,
   "fields": {
      "name": "Can delete session",
      "content_type": 6,
      "codename": "delete_session"
   }
},
{
   "model": "auth.permission",
   "pk": 19,
   "fields": {
      "name": "Can add sabscriber",
      "content_type": 7,
      "codename": "add_sabscriber"
   }
},
{
   "model": "auth.permission",
   "pk": 20,
   "fields": {
      "name": "Can change sabscriber",
      "content_type": 7,
      "codename": "change_sabscriber"
   }
},
{
   "model": "auth.permission",
   "pk": 21,
   "fields": {
      "name": "Can delete sabscriber",
      "content_type": 7,
      "codename": "delete_sabscriber"
   }
},
{
   "model": "auth.permission",
   "pk": 22,
   "fields": {
      "name": "Can add Status Order",
      "content_type": 8,
      "codename": "add_status"
   }
},
{
   "model": "auth.permission",
   "pk": 23,
   "fields": {
      "name": "Can change Status Order",
      "content_type": 8,
      "codename": "change_status"
   }
},
{
   "model": "auth.permission",
   "pk": 24,
   "fields": {
      "name": "Can delete Status Order",
      "content_type": 8,
      "codename": "delete_status"
   }
},
{
   "model": "auth.permission",
   "pk": 25,
   "fields": {
      "name": "Can add Order",
      "content_type": 9,
      "codename": "add_order"
   }
},
{
   "model": "auth.permission",
   "pk": 26,
   "fields": {
      "name": "Can change Order",
      "content_type": 9,
      "codename": "change_order"
   }
},
{
   "model": "auth.permission",
   "pk": 27,
   "fields": {
      "name": "Can delete Order",
      "content_type": 9,
      "codename": "delete_order"
   }
},
{
   "model": "auth.permission",
   "pk": 28,
   "fields": {
      "name": "Can add Order",
      "content_type": 10,
      "codename": "add_productinorder"
   }
},
{
   "model": "auth.permission",
   "pk": 29,
   "fields": {
      "name": "Can change Order",
      "content_type": 10,
      "codename": "change_productinorder"
   }
},
{
   "model": "auth.permission",
   "pk": 30,
   "fields": {
      "name": "Can delete Order",
      "content_type": 10,
      "codename": "delete_productinorder"
   }
},
{
   "model": "auth.permission",
   "pk": 31,
   "fields": {
      "name": "Can add Product",
      "content_type": 11,
      "codename": "add_product"
   }
},
{
   "model": "auth.permission",
   "pk": 32,
   "fields": {
      "name": "Can change Product",
      "content_type": 11,
      "codename": "change_product"
   }
},
{
   "model": "auth.permission",
   "pk": 33,
   "fields": {
      "name": "Can delete Product",
      "content_type": 11,
      "codename": "delete_product"
   }
},
{
   "model": "auth.permission",
   "pk": 34,
   "fields": {
      "name": "Can add Product Image",
      "content_type": 12,
      "codename": "add_productimage"
   }
},
{
   "model": "auth.permission",
   "pk": 35,
   "fields": {
      "name": "Can change Product Image",
      "content_type": 12,
      "codename": "change_productimage"
   }
},
{
   "model": "auth.permission",
   "pk": 36,
   "fields": {
      "name": "Can delete Product Image",
      "content_type": 12,
      "codename": "delete_productimage"
   }
},
{
   "model": "auth.permission",
   "pk": 37,
   "fields": {
      "name": "Can add Delivery",
      "content_type": 13,
      "codename": "add_delivery"
   }
},
{
   "model": "auth.permission",
   "pk": 38,
   "fields": {
      "name": "Can change Delivery",
      "content_type": 13,
      "codename": "change_delivery"
   }
},
{
   "model": "auth.permission",
   "pk": 39,
   "fields": {
      "name": "Can delete Delivery",
      "content_type": 13,
      "codename": "delete_delivery"
   }
},
{
   "model": "auth.permission",
   "pk": 40,
   "fields": {
      "name": "Can add Status Delivery",
      "content_type": 14,
      "codename": "add_statusdelivery"
   }
},
{
   "model": "auth.permission",
   "pk": 41,
   "fields": {
      "name": "Can change Status Delivery",
      "content_type": 14,
      "codename": "change_statusdelivery"
   }
},
{
   "model": "auth.permission",
   "pk": 42,
   "fields": {
      "name": "Can delete Status Delivery",
      "content_type": 14,
      "codename": "delete_statusdelivery"
   }
},
{
   "model": "auth.permission",
   "pk": 43,
   "fields": {
      "name": "Can add category",
      "content_type": 15,
      "codename": "add_category"
   }
},
{
   "model": "auth.permission",
   "pk": 44,
   "fields": {
      "name": "Can change category",
      "content_type": 15,
      "codename": "change_category"
   }
},
{
   "model": "auth.permission",
   "pk": 45,
   "fields": {
      "name": "Can delete category",
      "content_type": 15,
      "codename": "delete_category"
   }
},
{
   "model": "auth.permission",
   "pk": 46,
   "fields": {
      "name": "Can add Product In Basket",
      "content_type": 16,
      "codename": "add_productinbasket"
   }
},
{
   "model": "auth.permission",
   "pk": 47,
   "fields": {
      "name": "Can change Product In Basket",
      "content_type": 16,
      "codename": "change_productinbasket"
   }
},
{
   "model": "auth.permission",
   "pk": 48,
   "fields": {
      "name": "Can delete Product In Basket",
      "content_type": 16,
      "codename": "delete_productinbasket"
   }
},
{
   "model": "auth.permission",
   "pk": 49,
   "fields": {
      "name": "Can add Delivery",
      "content_type": 17,
      "codename": "add_deliveryinorder"
   }
},
{
   "model": "auth.permission",
   "pk": 50,
   "fields": {
      "name": "Can change Delivery",
      "content_type": 17,
      "codename": "change_deliveryinorder"
   }
},
{
   "model": "auth.permission",
   "pk": 51,
   "fields": {
      "name": "Can delete Delivery",
      "content_type": 17,
      "codename": "delete_deliveryinorder"
   }
},
{
   "model": "auth.user",
   "pk": 1,
   "fields": {
      "password": "pbkdf2_sha256$36000$70KF2hOZh1Gl$1X6OFcrMCzvjxpf6G3a4NZCoiTR07ttn3sKQwROTGFo=",
      "last_login": "2018-02-20T23:53:36.180Z",
      "is_superuser": true,
      "username": "root",
      "first_name": "",
      "last_name": "",
      "email": "root@gmail.com",
      "is_staff": true,
      "is_active": true,
      "date_joined": "2017-11-21T22:43:05.388Z",
      "groups": [],
      "user_permissions": []
   }
},
{
   "model": "auth.user",
   "pk": 2,
   "fields": {
      "password": "",
      "last_login": null,
      "is_superuser": false,
      "username": "123456",
      "first_name": "Test",
      "last_name": "",
      "email": "",
      "is_staff": false,
      "is_active": true,
      "date_joined": "2018-02-16T21:56:25.090Z",
      "groups": [],
      "user_permissions": []
   }
},
{
   "model": "auth.user",
   "pk": 3,
   "fields": {
      "password": "",
      "last_login": null,
      "is_superuser": false,
      "username": "bnm",
      "first_name": "fdcxz",
      "last_name": "",
      "email": "",
      "is_staff": false,
      "is_active": true,
      "date_joined": "2018-02-16T22:27:20.596Z",
      "groups": [],
      "user_permissions": []
   }
},
{
   "model": "auth.user",
   "pk": 4,
   "fields": {
      "password": "",
      "last_login": null,
      "is_superuser": false,
      "username": "1234566",
      "first_name": "Test Name",
      "last_name": "",
      "email": "",
      "is_staff": false,
      "is_active": true,
      "date_joined": "2018-02-17T13:00:32.305Z",
      "groups": [],
      "user_permissions": []
   }
},
{
   "model": "auth.user",
   "pk": 5,
   "fields": {
      "password": "",
      "last_login": null,
      "is_superuser": false,
      "username": "1234567",
      "first_name": "User",
      "last_name": "",
      "email": "",
      "is_staff": false,
      "is_active": true,
      "date_joined": "2018-02-17T13:17:51.433Z",
      "groups": [],
      "user_permissions": []
   }
},
{
   "model": "auth.user",
   "pk": 6,
   "fields": {
      "password": "",
      "last_login": null,
      "is_superuser": false,
      "username": "nbnm",
      "first_name": "dfgh",
      "last_name": "",
      "email": "",
      "is_staff": false,
      "is_active": true,
      "date_joined": "2018-02-17T16:51:01.938Z",
      "groups": [],
      "user_permissions": []
   }
},
{
   "model": "auth.user",
   "pk": 7,
   "fields": {
      "password": "",
      "last_login": null,
      "is_superuser": false,
      "username": "123454321",
      "first_name": "Name test",
      "last_name": "",
      "email": "",
      "is_staff": false,
      "is_active": true,
      "date_joined": "2018-02-17T23:45:31.724Z",
      "groups": [],
      "user_permissions": []
   }
},
{
   "model": "auth.user",
   "pk": 8,
   "fields": {
      "password": "",
      "last_login": null,
      "is_superuser": false,
      "username": "65432123",
      "first_name": "name",
      "last_name": "",
      "email": "",
      "is_staff": false,
      "is_active": true,
      "date_joined": "2018-02-19T15:16:48.752Z",
      "groups": [],
      "user_permissions": []
   }
},
{
   "model": "auth.user",
   "pk": 9,
   "fields": {
      "password": "",
      "last_login": null,
      "is_superuser": false,
      "username": "1233210123",
      "first_name": "Username",
      "last_name": "",
      "email": "",
      "is_staff": false,
      "is_active": true,
      "date_joined": "2018-02-25T19:57:53.447Z",
      "groups": [],
      "user_permissions": []
   }
},
{
   "model": "auth.user",
   "pk": 10,
   "fields": {
      "password": "",
      "last_login": null,
      "is_superuser": false,
      "username": "653421",
      "first_name": "address",
      "last_name": "",
      "email": "",
      "is_staff": false,
      "is_active": true,
      "date_joined": "2018-02-26T13:53:44.988Z",
      "groups": [],
      "user_permissions": []
   }
},
{
   "model": "auth.user",
   "pk": 11,
   "fields": {
      "password": "",
      "last_login": null,
      "is_superuser": false,
      "username": "44223311",
      "first_name": "delivery_type",
      "last_name": "",
      "email": "",
      "is_staff": false,
      "is_active": true,
      "date_joined": "2018-02-26T14:36:26.348Z",
      "groups": [],
      "user_permissions": []
   }
},
{
   "model": "auth.user",
   "pk": 12,
   "fields": {
      "password": "",
      "last_login": null,
      "is_superuser": false,
      "username": "6524312",
      "first_name": "address",
      "last_name": "",
      "email": "",
      "is_staff": false,
      "is_active": true,
      "date_joined": "2018-02-26T14:46:36.051Z",
      "groups": [],
      "user_permissions": []
   }
},
{
   "model": "auth.user",
   "pk": 13,
   "fields": {
      "password": "",
      "last_login": null,
      "is_superuser": false,
      "username": "1 332 452 53 54",
      "first_name": "address",
      "last_name": "",
      "email": "",
      "is_staff": false,
      "is_active": true,
      "date_joined": "2018-03-01T00:27:31.993Z",
      "groups": [],
      "user_permissions": []
   }
},
{
   "model": "auth.user",
   "pk": 14,
   "fields": {
      "password": "",
      "last_login": null,
      "is_superuser": false,
      "username": "1 234 532 13 54",
      "first_name": "delivery_type",
      "last_name": "",
      "email": "",
      "is_staff": false,
      "is_active": true,
      "date_joined": "2018-03-01T01:41:15.966Z",
      "groups": [],
      "user_permissions": []
   }
},
{
   "model": "orders.order",
   "pk": 1,
   "fields": {
      "user": 1,
      "customer_name": "user",
      "customer_email": "user@gmail.com",
      "customer_number": "12345",
      "customer_address": "Berlin",
      "total_price": "1719.47",
      "status": 1,
      "created": "2018-01-03T20:39:09.503Z",
      "updated": "2018-02-23T22:46:47.322Z"
   }
},
{
   "model": "orders.order",
   "pk": 2,
   "fields": {
      "user": 1,
      "customer_name": "user1",
      "customer_email": "user1@gmail.com",
      "customer_number": "123456",
      "customer_address": "England",
      "total_price": "1909.97",
      "status": 1,
      "created": "2018-01-04T01:41:09.349Z",
      "updated": "2018-02-23T22:46:36.487Z"
   }
},
{
   "model": "orders.order",
   "pk": 7,
   "fields": {
      "user": 2,
      "customer_name": "Test",
      "customer_email": "Test@gmail.com",
      "customer_number": "123456",
      "customer_address": "New York",
      "total_price": "2743.47",
      "status": 1,
      "created": "2018-02-17T12:31:44.112Z",
      "updated": "2018-02-17T12:31:44.568Z"
   }
},
{
   "model": "orders.order",
   "pk": 8,
   "fields": {
      "user": 2,
      "customer_name": "test2",
      "customer_email": "test2@gmail.com",
      "customer_number": "123456",
      "customer_address": "Great Britian",
      "total_price": "3293.46",
      "status": 1,
      "created": "2018-02-17T12:51:47.900Z",
      "updated": "2018-02-17T12:51:48.724Z"
   }
},
{
   "model": "orders.order",
   "pk": 9,
   "fields": {
      "user": 4,
      "customer_name": "Test Name",
      "customer_email": "Testname@gmail.com",
      "customer_number": "1234566",
      "customer_address": "Russia",
      "total_price": "3293.46",
      "status": 1,
      "created": "2018-02-17T13:00:32.613Z",
      "updated": "2018-02-17T13:00:33.245Z"
   }
},
{
   "model": "orders.order",
   "pk": 10,
   "fields": {
      "user": 5,
      "customer_name": "User",
      "customer_email": "User@gmail.com",
      "customer_number": "1234567",
      "customer_address": "Poland",
      "total_price": "2212.98",
      "status": 1,
      "created": "2018-02-17T13:17:51.761Z",
      "updated": "2018-02-17T13:17:52.457Z"
   }
},
{
   "model": "orders.order",
   "pk": 11,
   "fields": {
      "user": 6,
      "customer_name": "dfgh",
      "customer_email": "dfg@gmail.com",
      "customer_number": "nbnm",
      "customer_address": "xcvbn",
      "total_price": "1099.98",
      "status": 1,
      "created": "2018-02-17T16:51:02.162Z",
      "updated": "2018-02-17T16:51:02.555Z"
   }
},
{
   "model": "orders.order",
   "pk": 12,
   "fields": {
      "user": 7,
      "customer_name": "Name test",
      "customer_email": "Emailtest@gmail.com",
      "customer_number": "123454321",
      "customer_address": "Franch",
      "total_price": "16047.27",
      "status": 1,
      "created": "2018-02-17T23:45:31.972Z",
      "updated": "2018-02-17T23:45:33.048Z"
   }
},
{
   "model": "orders.order",
   "pk": 13,
   "fields": {
      "user": 8,
      "customer_name": "name",
      "customer_email": "email@gmail.com",
      "customer_number": "65432123",
      "customer_address": "Italia",
      "total_price": "3332.46",
      "status": 1,
      "created": "2018-02-19T15:16:49.174Z",
      "updated": "2018-02-19T15:16:50.146Z"
   }
},
{
   "model": "orders.order",
   "pk": 20,
   "fields": {
      "user": 9,
      "customer_name": "email",
      "customer_email": "Username@gmail.com",
      "customer_number": "1233210123",
      "customer_address": "Paris",
      "total_price": "1663.49",
      "status": 1,
      "created": "2018-02-25T20:14:53.311Z",
      "updated": "2018-02-25T20:17:32.816Z"
   }
},
{
   "model": "orders.order",
   "pk": 21,
   "fields": {
      "user": 9,
      "customer_name": "user2",
      "customer_email": "user2@gmail.com",
      "customer_number": "1234566654321",
      "customer_address": "Denchmark",
      "total_price": "569.99",
      "status": 1,
      "created": "2018-02-25T20:18:58.742Z",
      "updated": "2018-02-25T20:28:17.762Z"
   }
},
{
   "model": "orders.order",
   "pk": 22,
   "fields": {
      "user": 9,
      "customer_name": "user2",
      "customer_email": "user2@gmail.com",
      "customer_number": "1234567654321",
      "customer_address": "Franch",
      "total_price": "569.49",
      "status": 1,
      "created": "2018-02-25T20:29:43.765Z",
      "updated": "2018-02-25T20:29:43.879Z"
   }
},
{
   "model": "orders.order",
   "pk": 23,
   "fields": {
      "user": 9,
      "customer_name": "user2",
      "customer_email": "user2@gmail.com",
      "customer_number": "1234567654321",
      "customer_address": "Franch",
      "total_price": "589.49",
      "status": 1,
      "created": "2018-02-25T20:29:44.235Z",
      "updated": "2018-02-25T20:34:11.007Z"
   }
},
{
   "model": "orders.order",
   "pk": 25,
   "fields": {
      "user": 9,
      "customer_name": "user",
      "customer_email": "user@gmail.com",
      "customer_number": "12345",
      "customer_address": "Berlin",
      "total_price": "619.49",
      "status": 1,
      "created": "2018-02-25T20:42:44.406Z",
      "updated": "2018-02-25T20:42:44.423Z"
   }
},
{
   "model": "orders.order",
   "pk": 26,
   "fields": {
      "user": 7,
      "customer_name": "user1",
      "customer_email": "user1@gmail.com",
      "customer_number": "123456",
      "customer_address": "England",
      "total_price": "1139.48",
      "status": 1,
      "created": "2018-02-25T20:43:15.647Z",
      "updated": "2018-02-26T14:33:42.578Z"
   }
},
{
   "model": "orders.order",
   "pk": 28,
   "fields": {
      "user": 9,
      "customer_name": "address",
      "customer_email": "Contact@gmail.com",
      "customer_number": "1233210123",
      "customer_address": "Maimi Beatch",
      "total_price": "2793.47",
      "status": 1,
      "created": "2018-02-26T14:08:59.982Z",
      "updated": "2018-02-26T14:34:33.154Z"
   }
},
{
   "model": "orders.order",
   "pk": 29,
   "fields": {
      "user": 11,
      "customer_name": "delivery_type",
      "customer_email": "contact@gmail.com",
      "customer_number": "44223311",
      "customer_address": "Australia",
      "total_price": "1149.98",
      "status": 1,
      "created": "2018-02-26T14:36:26.608Z",
      "updated": "2018-02-26T14:36:27.451Z"
   }
},
{
   "model": "orders.order",
   "pk": 30,
   "fields": {
      "user": 11,
      "customer_name": "delivery_type",
      "customer_email": "contact@gmail.com",
      "customer_number": "44223311",
      "customer_address": "Australia",
      "total_price": "1693.49",
      "status": 1,
      "created": "2018-02-26T14:40:00.880Z",
      "updated": "2018-02-26T14:40:01.761Z"
   }
},
{
   "model": "orders.order",
   "pk": 31,
   "fields": {
      "user": 11,
      "customer_name": "address",
      "customer_email": "contact@gmail.com",
      "customer_number": "44223311",
      "customer_address": "Australia",
      "total_price": "50.00",
      "status": 1,
      "created": "2018-02-26T14:41:17.214Z",
      "updated": "2018-02-26T14:41:17.456Z"
   }
},
{
   "model": "orders.order",
   "pk": 32,
   "fields": {
      "user": 2,
      "customer_name": "user1",
      "customer_email": "user1@gmail.com",
      "customer_number": "123456",
      "customer_address": "England",
      "total_price": "1169.48",
      "status": 1,
      "created": "2018-02-26T14:42:54.265Z",
      "updated": "2018-02-26T14:43:15.520Z"
   }
},
{
   "model": "orders.order",
   "pk": 33,
   "fields": {
      "user": 12,
      "customer_name": "address",
      "customer_email": "Contact@gmail.com",
      "customer_number": "6524312",
      "customer_address": "Germany",
      "total_price": "2243.48",
      "status": 1,
      "created": "2018-02-26T14:46:36.268Z",
      "updated": "2018-02-26T14:46:37.215Z"
   }
},
{
   "model": "orders.order",
   "pk": 34,
   "fields": {
      "user": 13,
      "customer_name": "address",
      "customer_email": "You@gmail.com",
      "customer_number": "1 332 452 53 54",
      "customer_address": "London",
      "total_price": "4950.47",
      "status": 1,
      "created": "2018-03-01T00:27:32.243Z",
      "updated": "2018-03-01T00:28:11.840Z"
   }
},
{
   "model": "orders.order",
   "pk": 35,
   "fields": {
      "user": 14,
      "customer_name": "delivery_type",
      "customer_email": "element@gmail.com",
      "customer_number": "1 234 532 13 54",
      "customer_address": "Spain",
      "total_price": "1149.98",
      "status": 1,
      "created": "2018-03-01T01:41:16.422Z",
      "updated": "2018-03-01T01:41:17.029Z"
   }
},
{
   "model": "admin.logentry",
   "pk": 1,
   "fields": {
      "action_time": "2018-01-03T19:14:15.447Z",
      "user": 1,
      "content_type": 11,
      "object_id": "1",
      "object_repr": "User: Apple iPhone 7 32GB Black",
      "action_flag": 1,
      "change_message": "[{\"added\": {}}, {\"added\": {\"object\": \"User: 1\", \"name\": \"Product Image\"}}, {\"added\": {\"object\": \"User: 2\", \"name\": \"Product Image\"}}, {\"added\": {\"object\": \"User: 3\", \"name\": \"Product Image\"}}, {\"added\": {\"object\": \"User: 4\", \"name\": \"Product Image\"}}]"
   }
},
{
   "model": "admin.logentry",
   "pk": 2,
   "fields": {
      "action_time": "2018-01-03T19:15:54.420Z",
      "user": 1,
      "content_type": 11,
      "object_id": "1",
      "object_repr": "User: Apple iPhone 7 32GB Black",
      "action_flag": 2,
      "change_message": "[{\"changed\": {\"fields\": [\"comments\"]}}]"
   }
},
{
   "model": "admin.logentry",
   "pk": 3,
   "fields": {
      "action_time": "2018-01-03T19:37:13.562Z",
      "user": 1,
      "content_type": 11,
      "object_id": "1",
      "object_repr": "User: Apple iPhone 7 32GB Black",
      "action_flag": 2,
      "change_message": "[{\"changed\": {\"fields\": [\"price\"]}}]"
   }
},
{
   "model": "admin.logentry",
   "pk": 4,
   "fields": {
      "action_time": "2018-01-03T20:39:09.513Z",
      "user": 1,
      "content_type": 9,
      "object_id": "1",
      "object_repr": "User: 1 ",
      "action_flag": 1,
      "change_message": "[{\"added\": {}}, {\"added\": {\"name\": \"Selected Product\", \"object\": \"User: Apple iPhone 7 32GB Black\"}}, {\"added\": {\"name\": \"Delivery\", \"object\": \"User: 1\"}}, {\"added\": {\"name\": \"Status Order\", \"object\": \"User: New\"}}]"
   }
},
{
   "model": "admin.logentry",
   "pk": 5,
   "fields": {
      "action_time": "2018-01-03T21:47:11.573Z",
      "user": 1,
      "content_type": 9,
      "object_id": "1",
      "object_repr": "User: 1 ",
      "action_flag": 2,
      "change_message": "[{\"changed\": {\"name\": \"Selected Product\", \"fields\": [\"price_all\"], \"object\": \"User: Apple iPhone 7 32GB Black\"}}]"
   }
},
{
   "model": "admin.logentry",
   "pk": 6,
   "fields": {
      "action_time": "2018-01-03T21:47:25.067Z",
      "user": 1,
      "content_type": 9,
      "object_id": "1",
      "object_repr": "User: 1 ",
      "action_flag": 2,
      "change_message": "[]"
   }
},
{
   "model": "admin.logentry",
   "pk": 7,
   "fields": {
      "action_time": "2018-01-03T21:47:40.347Z",
      "user": 1,
      "content_type": 9,
      "object_id": "1",
      "object_repr": "User: 1 ",
      "action_flag": 2,
      "change_message": "[{\"changed\": {\"name\": \"Selected Product\", \"fields\": [\"number\"], \"object\": \"User: Apple iPhone 7 32GB Black\"}}]"
   }
},
{
   "model": "admin.logentry",
   "pk": 8,
   "fields": {
      "action_time": "2018-01-03T21:48:07.366Z",
      "user": 1,
      "content_type": 9,
      "object_id": "1",
      "object_repr": "User: 1 ",
      "action_flag": 2,
      "change_message": "[{\"changed\": {\"name\": \"Selected Product\", \"fields\": [\"number\"], \"object\": \"User: Apple iPhone 7 32GB Black\"}}]"
   }
},
{
   "model": "admin.logentry",
   "pk": 9,
   "fields": {
      "action_time": "2018-01-03T21:48:15.281Z",
      "user": 1,
      "content_type": 9,
      "object_id": "1",
      "object_repr": "User: 1 ",
      "action_flag": 2,
      "change_message": "[]"
   }
},
{
   "model": "admin.logentry",
   "pk": 10,
   "fields": {
      "action_time": "2018-01-03T21:52:20.216Z",
      "user": 1,
      "content_type": 9,
      "object_id": "1",
      "object_repr": "User: 1 ",
      "action_flag": 2,
      "change_message": "[]"
   }
},
{
   "model": "admin.logentry",
   "pk": 11,
   "fields": {
      "action_time": "2018-01-03T21:56:27.597Z",
      "user": 1,
      "content_type": 9,
      "object_id": "1",
      "object_repr": "User: 1 ",
      "action_flag": 2,
      "change_message": "[]"
   }
},
{
   "model": "admin.logentry",
   "pk": 12,
   "fields": {
      "action_time": "2018-01-03T22:05:57.500Z",
      "user": 1,
      "content_type": 11,
      "object_id": "2",
      "object_repr": "User: Apple iPhone 7 Plus 32GB Black",
      "action_flag": 1,
      "change_message": "[{\"added\": {}}, {\"added\": {\"name\": \"Product Image\", \"object\": \"User: 5\"}}, {\"added\": {\"name\": \"Product Image\", \"object\": \"User: 6\"}}, {\"added\": {\"name\": \"Product Image\", \"object\": \"User: 7\"}}]"
   }
},
{
   "model": "admin.logentry",
   "pk": 13,
   "fields": {
      "action_time": "2018-01-03T22:06:20.334Z",
      "user": 1,
      "content_type": 9,
      "object_id": "1",
      "object_repr": "User: 1 ",
      "action_flag": 2,
      "change_message": "[{\"added\": {\"name\": \"Selected Product\", \"object\": \"User: Apple iPhone 7 Plus 32GB Black\"}}]"
   }
},
{
   "model": "admin.logentry",
   "pk": 14,
   "fields": {
      "action_time": "2018-01-03T22:07:40.186Z",
      "user": 1,
      "content_type": 9,
      "object_id": "1",
      "object_repr": "User: 1 ",
      "action_flag": 2,
      "change_message": "[]"
   }
},
{
   "model": "admin.logentry",
   "pk": 15,
   "fields": {
      "action_time": "2018-01-03T22:07:53.831Z",
      "user": 1,
      "content_type": 9,
      "object_id": "1",
      "object_repr": "User: 1 ",
      "action_flag": 2,
      "change_message": "[]"
   }
},
{
   "model": "admin.logentry",
   "pk": 16,
   "fields": {
      "action_time": "2018-01-03T22:08:02.988Z",
      "user": 1,
      "content_type": 9,
      "object_id": "1",
      "object_repr": "User: 1 ",
      "action_flag": 2,
      "change_message": "[{\"changed\": {\"object\": \"User: Apple iPhone 7 32GB Black\", \"fields\": [\"number\"], \"name\": \"Selected Product\"}}]"
   }
},
{
   "model": "admin.logentry",
   "pk": 17,
   "fields": {
      "action_time": "2018-01-03T22:08:18.336Z",
      "user": 1,
      "content_type": 9,
      "object_id": "1",
      "object_repr": "User: 1 ",
      "action_flag": 2,
      "change_message": "[{\"changed\": {\"object\": \"User: Apple iPhone 7 32GB Black\", \"fields\": [\"number\"], \"name\": \"Selected Product\"}}]"
   }
},
{
   "model": "admin.logentry",
   "pk": 18,
   "fields": {
      "action_time": "2018-01-03T22:08:24.394Z",
      "user": 1,
      "content_type": 9,
      "object_id": "1",
      "object_repr": "User: 1 ",
      "action_flag": 2,
      "change_message": "[]"
   }
},
{
   "model": "admin.logentry",
   "pk": 19,
   "fields": {
      "action_time": "2018-01-03T22:08:52.436Z",
      "user": 1,
      "content_type": 9,
      "object_id": "1",
      "object_repr": "User: 1 ",
      "action_flag": 2,
      "change_message": "[{\"changed\": {\"object\": \"User: Apple iPhone 7 Plus 32GB Black\", \"fields\": [\"number\"], \"name\": \"Selected Product\"}}]"
   }
},
{
   "model": "admin.logentry",
   "pk": 20,
   "fields": {
      "action_time": "2018-01-03T22:09:11.524Z",
      "user": 1,
      "content_type": 9,
      "object_id": "1",
      "object_repr": "User: 1 ",
      "action_flag": 2,
      "change_message": "[]"
   }
},
{
   "model": "admin.logentry",
   "pk": 21,
   "fields": {
      "action_time": "2018-01-03T22:10:27.057Z",
      "user": 1,
      "content_type": 9,
      "object_id": "1",
      "object_repr": "User: 1 ",
      "action_flag": 2,
      "change_message": "[{\"changed\": {\"object\": \"User: Apple iPhone 7 Plus 32GB Black\", \"fields\": [\"number\"], \"name\": \"Selected Product\"}}]"
   }
},
{
   "model": "admin.logentry",
   "pk": 22,
   "fields": {
      "action_time": "2018-01-03T22:10:50.166Z",
      "user": 1,
      "content_type": 9,
      "object_id": "1",
      "object_repr": "User: 1 ",
      "action_flag": 2,
      "change_message": "[{\"changed\": {\"object\": \"User: Apple iPhone 7 Plus 32GB Black\", \"fields\": [\"number\"], \"name\": \"Selected Product\"}}]"
   }
},
{
   "model": "admin.logentry",
   "pk": 23,
   "fields": {
      "action_time": "2018-01-03T22:10:59.958Z",
      "user": 1,
      "content_type": 9,
      "object_id": "1",
      "object_repr": "User: 1 ",
      "action_flag": 2,
      "change_message": "[]"
   }
},
{
   "model": "admin.logentry",
   "pk": 24,
   "fields": {
      "action_time": "2018-01-03T22:44:23.041Z",
      "user": 1,
      "content_type": 9,
      "object_id": "1",
      "object_repr": "User: 1 ",
      "action_flag": 2,
      "change_message": "[]"
   }
},
{
   "model": "admin.logentry",
   "pk": 25,
   "fields": {
      "action_time": "2018-01-03T22:44:32.001Z",
      "user": 1,
      "content_type": 9,
      "object_id": "1",
      "object_repr": "User: 1 ",
      "action_flag": 2,
      "change_message": "[{\"changed\": {\"object\": \"User: Apple iPhone 7 32GB Black\", \"fields\": [\"number\"], \"name\": \"Selected Product\"}}]"
   }
},
{
   "model": "admin.logentry",
   "pk": 26,
   "fields": {
      "action_time": "2018-01-03T22:53:13.776Z",
      "user": 1,
      "content_type": 9,
      "object_id": "1",
      "object_repr": "User: 1 ",
      "action_flag": 2,
      "change_message": "[]"
   }
},
{
   "model": "admin.logentry",
   "pk": 27,
   "fields": {
      "action_time": "2018-01-03T22:53:23.568Z",
      "user": 1,
      "content_type": 9,
      "object_id": "1",
      "object_repr": "User: 1 ",
      "action_flag": 2,
      "change_message": "[{\"changed\": {\"object\": \"User: Apple iPhone 7 32GB Black\", \"fields\": [\"number\"], \"name\": \"Selected Product\"}}]"
   }
},
{
   "model": "admin.logentry",
   "pk": 28,
   "fields": {
      "action_time": "2018-01-03T22:53:30.898Z",
      "user": 1,
      "content_type": 9,
      "object_id": "1",
      "object_repr": "User: 1 ",
      "action_flag": 2,
      "change_message": "[{\"changed\": {\"object\": \"User: Apple iPhone 7 Plus 32GB Black\", \"fields\": [\"number\"], \"name\": \"Selected Product\"}}]"
   }
},
{
   "model": "admin.logentry",
   "pk": 29,
   "fields": {
      "action_time": "2018-01-03T22:54:17.535Z",
      "user": 1,
      "content_type": 9,
      "object_id": "1",
      "object_repr": "User: 1 ",
      "action_flag": 2,
      "change_message": "[{\"changed\": {\"object\": \"User: Apple iPhone 7 32GB Black\", \"fields\": [\"number\"], \"name\": \"Selected Product\"}}, {\"changed\": {\"object\": \"User: Apple iPhone 7 Plus 32GB Black\", \"fields\": [\"number\"], \"name\": \"Selected Product\"}}]"
   }
},
{
   "model": "admin.logentry",
   "pk": 30,
   "fields": {
      "action_time": "2018-01-03T22:55:08.141Z",
      "user": 1,
      "content_type": 9,
      "object_id": "1",
      "object_repr": "User: 1 ",
      "action_flag": 2,
      "change_message": "[{\"changed\": {\"object\": \"User: Apple iPhone 7 32GB Black\", \"fields\": [\"number\"], \"name\": \"Selected Product\"}}, {\"changed\": {\"object\": \"User: Apple iPhone 7 Plus 32GB Black\", \"fields\": [\"number\"], \"name\": \"Selected Product\"}}]"
   }
},
{
   "model": "admin.logentry",
   "pk": 31,
   "fields": {
      "action_time": "2018-01-03T23:00:20.985Z",
      "user": 1,
      "content_type": 9,
      "object_id": "1",
      "object_repr": "User: 1 ",
      "action_flag": 2,
      "change_message": "[]"
   }
},
{
   "model": "admin.logentry",
   "pk": 32,
   "fields": {
      "action_time": "2018-01-03T23:00:29.348Z",
      "user": 1,
      "content_type": 9,
      "object_id": "1",
      "object_repr": "User: 1 ",
      "action_flag": 2,
      "change_message": "[{\"changed\": {\"name\": \"Delivery\", \"object\": \"User: 1\", \"fields\": [\"price_for_delivery_type\"]}}]"
   }
},
{
   "model": "admin.logentry",
   "pk": 33,
   "fields": {
      "action_time": "2018-01-03T23:01:09.566Z",
      "user": 1,
      "content_type": 9,
      "object_id": "1",
      "object_repr": "User: 1 ",
      "action_flag": 2,
      "change_message": "[]"
   }
},
{
   "model": "admin.logentry",
   "pk": 34,
   "fields": {
      "action_time": "2018-01-03T23:09:51.159Z",
      "user": 1,
      "content_type": 9,
      "object_id": "1",
      "object_repr": "User: 1 ",
      "action_flag": 2,
      "change_message": "[]"
   }
},
{
   "model": "admin.logentry",
   "pk": 35,
   "fields": {
      "action_time": "2018-01-04T00:28:48.781Z",
      "user": 1,
      "content_type": 8,
      "object_id": "2",
      "object_repr": "Status Order: \u0406s processed",
      "action_flag": 1,
      "change_message": "[{\"added\": {}}]"
   }
},
{
   "model": "admin.logentry",
   "pk": 36,
   "fields": {
      "action_time": "2018-01-04T00:29:53.278Z",
      "user": 1,
      "content_type": 8,
      "object_id": "3",
      "object_repr": "Status Order: \u0421anceled",
      "action_flag": 1,
      "change_message": "[{\"added\": {}}]"
   }
},
{
   "model": "admin.logentry",
   "pk": 37,
   "fields": {
      "action_time": "2018-01-04T00:30:19.746Z",
      "user": 1,
      "content_type": 8,
      "object_id": "4",
      "object_repr": "Status Order: \u0421ompleted",
      "action_flag": 1,
      "change_message": "[{\"added\": {}}]"
   }
},
{
   "model": "admin.logentry",
   "pk": 38,
   "fields": {
      "action_time": "2018-01-04T00:33:15.916Z",
      "user": 1,
      "content_type": 13,
      "object_id": "1",
      "object_repr": "Delivery: 1",
      "action_flag": 2,
      "change_message": "[{\"changed\": {\"fields\": [\"delivery_type\", \"price_for_delivery_type\"]}}]"
   }
},
{
   "model": "admin.logentry",
   "pk": 39,
   "fields": {
      "action_time": "2018-01-04T00:43:18.302Z",
      "user": 1,
      "content_type": 13,
      "object_id": "2",
      "object_repr": "Delivery: By mail",
      "action_flag": 1,
      "change_message": "[{\"added\": {}}]"
   }
},
{
   "model": "admin.logentry",
   "pk": 40,
   "fields": {
      "action_time": "2018-01-04T01:41:09.406Z",
      "user": 1,
      "content_type": 9,
      "object_id": "2",
      "object_repr": "Order: 2 ",
      "action_flag": 1,
      "change_message": "[{\"added\": {}}, {\"added\": {\"object\": \"Selected Product: Apple iPhone 7 32GB Black\", \"name\": \"Selected Product\"}}, {\"added\": {\"object\": \"Selected Product: Apple iPhone 7 Plus 32GB Black\", \"name\": \"Selected Product\"}}]"
   }
},
{
   "model": "admin.logentry",
   "pk": 41,
   "fields": {
      "action_time": "2018-01-04T01:41:43.712Z",
      "user": 1,
      "content_type": 9,
      "object_id": "1",
      "object_repr": "Order: 1 ",
      "action_flag": 2,
      "change_message": "[{\"changed\": {\"fields\": [\"status\", \"delivery\"]}}]"
   }
},
{
   "model": "admin.logentry",
   "pk": 42,
   "fields": {
      "action_time": "2018-01-04T01:42:54.856Z",
      "user": 1,
      "content_type": 9,
      "object_id": "2",
      "object_repr": "Order: 2 ",
      "action_flag": 2,
      "change_message": "[{\"changed\": {\"fields\": [\"customer_name\", \"customer_email\", \"customer_number\"]}}]"
   }
},
{
   "model": "admin.logentry",
   "pk": 43,
   "fields": {
      "action_time": "2018-01-04T01:44:36.079Z",
      "user": 1,
      "content_type": 9,
      "object_id": "2",
      "object_repr": "Order: 2 ",
      "action_flag": 2,
      "change_message": "[{\"changed\": {\"fields\": [\"delivery\"]}}]"
   }
},
{
   "model": "admin.logentry",
   "pk": 44,
   "fields": {
      "action_time": "2018-01-04T23:32:11.902Z",
      "user": 1,
      "content_type": 9,
      "object_id": "2",
      "object_repr": "Order: 2 ",
      "action_flag": 2,
      "change_message": "[]"
   }
},
{
   "model": "admin.logentry",
   "pk": 45,
   "fields": {
      "action_time": "2018-01-04T23:32:26.782Z",
      "user": 1,
      "content_type": 9,
      "object_id": "2",
      "object_repr": "Order: 2 ",
      "action_flag": 2,
      "change_message": "[{\"changed\": {\"fields\": [\"delivery\"]}}]"
   }
},
{
   "model": "admin.logentry",
   "pk": 46,
   "fields": {
      "action_time": "2018-01-04T23:32:41.092Z",
      "user": 1,
      "content_type": 9,
      "object_id": "2",
      "object_repr": "Order: 2 ",
      "action_flag": 2,
      "change_message": "[{\"changed\": {\"fields\": [\"delivery\"]}}, {\"changed\": {\"object\": \"Selected Product: Apple iPhone 7 32GB Black\", \"name\": \"Selected Product\", \"fields\": [\"delivery\"]}}, {\"changed\": {\"object\": \"Selected Product: Apple iPhone 7 Plus 32GB Black\", \"name\": \"Selected Product\", \"fields\": [\"delivery\"]}}]"
   }
},
{
   "model": "admin.logentry",
   "pk": 47,
   "fields": {
      "action_time": "2018-01-04T23:34:41.803Z",
      "user": 1,
      "content_type": 9,
      "object_id": "2",
      "object_repr": "Order: 2 ",
      "action_flag": 2,
      "change_message": "[{\"changed\": {\"object\": \"Selected Product: Apple iPhone 7 Plus 32GB Black\", \"name\": \"Selected Product\", \"fields\": [\"delivery\"]}}]"
   }
},
{
   "model": "admin.logentry",
   "pk": 48,
   "fields": {
      "action_time": "2018-01-04T23:35:08.925Z",
      "user": 1,
      "content_type": 9,
      "object_id": "2",
      "object_repr": "Order: 2 ",
      "action_flag": 2,
      "change_message": "[{\"changed\": {\"object\": \"Selected Product: Apple iPhone 7 32GB Black\", \"name\": \"Selected Product\", \"fields\": [\"delivery\"]}}, {\"changed\": {\"object\": \"Selected Product: Apple iPhone 7 Plus 32GB Black\", \"name\": \"Selected Product\", \"fields\": [\"delivery\"]}}]"
   }
},
{
   "model": "admin.logentry",
   "pk": 49,
   "fields": {
      "action_time": "2018-01-04T23:54:52.232Z",
      "user": 1,
      "content_type": 9,
      "object_id": "2",
      "object_repr": "Order: 2 ",
      "action_flag": 2,
      "change_message": "[{\"changed\": {\"fields\": [\"delivery\"]}}]"
   }
},
{
   "model": "admin.logentry",
   "pk": 50,
   "fields": {
      "action_time": "2018-01-04T23:55:55.957Z",
      "user": 1,
      "content_type": 9,
      "object_id": "2",
      "object_repr": "Order: 2 ",
      "action_flag": 2,
      "change_message": "[{\"changed\": {\"fields\": [\"delivery\"]}}]"
   }
},
{
   "model": "admin.logentry",
   "pk": 51,
   "fields": {
      "action_time": "2018-01-04T23:56:26.909Z",
      "user": 1,
      "content_type": 9,
      "object_id": "2",
      "object_repr": "Order: 2 ",
      "action_flag": 2,
      "change_message": "[{\"changed\": {\"fields\": [\"delivery\"]}}]"
   }
},
{
   "model": "admin.logentry",
   "pk": 52,
   "fields": {
      "action_time": "2018-01-05T00:27:48.523Z",
      "user": 1,
      "content_type": 13,
      "object_id": "1",
      "object_repr": "Delivery: To the house",
      "action_flag": 2,
      "change_message": "[{\"changed\": {\"fields\": [\"status_delivery_type\"]}}]"
   }
},
{
   "model": "admin.logentry",
   "pk": 53,
   "fields": {
      "action_time": "2018-01-05T00:28:11.436Z",
      "user": 1,
      "content_type": 9,
      "object_id": "2",
      "object_repr": "Order: 2 ",
      "action_flag": 2,
      "change_message": "[{\"changed\": {\"fields\": [\"delivery\"]}}]"
   }
},
{
   "model": "admin.logentry",
   "pk": 54,
   "fields": {
      "action_time": "2018-01-05T00:54:18.727Z",
      "user": 1,
      "content_type": 9,
      "object_id": "2",
      "object_repr": "Order: 2 ",
      "action_flag": 2,
      "change_message": "[{\"changed\": {\"fields\": [\"delivery\"]}}]"
   }
},
{
   "model": "admin.logentry",
   "pk": 55,
   "fields": {
      "action_time": "2018-01-05T00:56:00.348Z",
      "user": 1,
      "content_type": 13,
      "object_id": "1",
      "object_repr": "Delivery: To the house",
      "action_flag": 2,
      "change_message": "[{\"changed\": {\"fields\": [\"status_delivery_type\"]}}]"
   }
},
{
   "model": "admin.logentry",
   "pk": 56,
   "fields": {
      "action_time": "2018-01-05T00:56:31.693Z",
      "user": 1,
      "content_type": 9,
      "object_id": "2",
      "object_repr": "Order: 2 ",
      "action_flag": 2,
      "change_message": "[{\"changed\": {\"fields\": [\"delivery\"]}}]"
   }
},
{
   "model": "admin.logentry",
   "pk": 57,
   "fields": {
      "action_time": "2018-01-05T00:58:15.692Z",
      "user": 1,
      "content_type": 9,
      "object_id": "2",
      "object_repr": "Order: 2 ",
      "action_flag": 2,
      "change_message": "[{\"changed\": {\"fields\": [\"delivery\"]}}]"
   }
},
{
   "model": "admin.logentry",
   "pk": 58,
   "fields": {
      "action_time": "2018-01-05T01:03:12.874Z",
      "user": 1,
      "content_type": 9,
      "object_id": "2",
      "object_repr": "Order: 2 ",
      "action_flag": 2,
      "change_message": "[{\"changed\": {\"fields\": [\"delivery\"]}}, {\"changed\": {\"fields\": [\"number\"], \"name\": \"Selected Product\", \"object\": \"Selected Product: Apple iPhone 7 Plus 32GB Black\"}}]"
   }
},
{
   "model": "admin.logentry",
   "pk": 59,
   "fields": {
      "action_time": "2018-01-05T01:03:47.833Z",
      "user": 1,
      "content_type": 9,
      "object_id": "2",
      "object_repr": "Order: 2 ",
      "action_flag": 2,
      "change_message": "[{\"changed\": {\"fields\": [\"delivery\"]}}]"
   }
},
{
   "model": "admin.logentry",
   "pk": 60,
   "fields": {
      "action_time": "2018-01-05T01:03:56.244Z",
      "user": 1,
      "content_type": 9,
      "object_id": "2",
      "object_repr": "Order: 2 ",
      "action_flag": 2,
      "change_message": "[{\"changed\": {\"fields\": [\"delivery\"]}}]"
   }
},
{
   "model": "admin.logentry",
   "pk": 61,
   "fields": {
      "action_time": "2018-01-05T01:04:03.007Z",
      "user": 1,
      "content_type": 9,
      "object_id": "2",
      "object_repr": "Order: 2 ",
      "action_flag": 2,
      "change_message": "[{\"changed\": {\"fields\": [\"number\"], \"name\": \"Selected Product\", \"object\": \"Selected Product: Apple iPhone 7 Plus 32GB Black\"}}]"
   }
},
{
   "model": "admin.logentry",
   "pk": 62,
   "fields": {
      "action_time": "2018-01-05T01:05:31.753Z",
      "user": 1,
      "content_type": 9,
      "object_id": "2",
      "object_repr": "Order: 2 ",
      "action_flag": 2,
      "change_message": "[{\"changed\": {\"fields\": [\"delivery\"]}}]"
   }
},
{
   "model": "admin.logentry",
   "pk": 63,
   "fields": {
      "action_time": "2018-01-05T01:05:45.398Z",
      "user": 1,
      "content_type": 9,
      "object_id": "2",
      "object_repr": "Order: 2 ",
      "action_flag": 2,
      "change_message": "[{\"changed\": {\"fields\": [\"delivery\"]}}]"
   }
},
{
   "model": "admin.logentry",
   "pk": 64,
   "fields": {
      "action_time": "2018-01-05T01:16:42.154Z",
      "user": 1,
      "content_type": 9,
      "object_id": "2",
      "object_repr": "Order: 2 ",
      "action_flag": 2,
      "change_message": "[{\"changed\": {\"fields\": [\"delivery\"]}}]"
   }
},
{
   "model": "admin.logentry",
   "pk": 65,
   "fields": {
      "action_time": "2018-01-05T01:23:59.155Z",
      "user": 1,
      "content_type": 9,
      "object_id": "2",
      "object_repr": "Order: 2 ",
      "action_flag": 2,
      "change_message": "[{\"changed\": {\"fields\": [\"delivery\"]}}]"
   }
},
{
   "model": "admin.logentry",
   "pk": 66,
   "fields": {
      "action_time": "2018-01-05T01:38:24.864Z",
      "user": 1,
      "content_type": 9,
      "object_id": "2",
      "object_repr": "Order: 2 ",
      "action_flag": 2,
      "change_message": "[{\"changed\": {\"fields\": [\"delivery\"]}}]"
   }
},
{
   "model": "admin.logentry",
   "pk": 67,
   "fields": {
      "action_time": "2018-01-05T01:38:37.486Z",
      "user": 1,
      "content_type": 9,
      "object_id": "2",
      "object_repr": "Order: 2 ",
      "action_flag": 2,
      "change_message": "[{\"changed\": {\"fields\": [\"delivery\"]}}]"
   }
},
{
   "model": "admin.logentry",
   "pk": 68,
   "fields": {
      "action_time": "2018-01-05T01:49:03.802Z",
      "user": 1,
      "content_type": 9,
      "object_id": "2",
      "object_repr": "Order: 2 ",
      "action_flag": 2,
      "change_message": "[{\"changed\": {\"fields\": [\"delivery\"]}}]"
   }
},
{
   "model": "admin.logentry",
   "pk": 69,
   "fields": {
      "action_time": "2018-01-05T01:49:12.897Z",
      "user": 1,
      "content_type": 9,
      "object_id": "2",
      "object_repr": "Order: 2 ",
      "action_flag": 2,
      "change_message": "[{\"changed\": {\"object\": \"Selected Product: Apple iPhone 7 32GB Black\", \"name\": \"Selected Product\", \"fields\": [\"number\"]}}]"
   }
},
{
   "model": "admin.logentry",
   "pk": 70,
   "fields": {
      "action_time": "2018-01-05T01:49:26.302Z",
      "user": 1,
      "content_type": 9,
      "object_id": "2",
      "object_repr": "Order: 2 ",
      "action_flag": 2,
      "change_message": "[{\"changed\": {\"object\": \"Selected Product: Apple iPhone 7 32GB Black\", \"name\": \"Selected Product\", \"fields\": [\"number\"]}}]"
   }
},
{
   "model": "admin.logentry",
   "pk": 71,
   "fields": {
      "action_time": "2018-01-05T01:49:40.105Z",
      "user": 1,
      "content_type": 9,
      "object_id": "2",
      "object_repr": "Order: 2 ",
      "action_flag": 2,
      "change_message": "[{\"changed\": {\"fields\": [\"delivery\"]}}]"
   }
},
{
   "model": "admin.logentry",
   "pk": 72,
   "fields": {
      "action_time": "2018-01-22T20:25:55.845Z",
      "user": 1,
      "content_type": 15,
      "object_id": "1",
      "object_repr": "Category object",
      "action_flag": 1,
      "change_message": "[{\"added\": {}}]"
   }
},
{
   "model": "admin.logentry",
   "pk": 73,
   "fields": {
      "action_time": "2018-01-22T20:26:45.322Z",
      "user": 1,
      "content_type": 15,
      "object_id": "2",
      "object_repr": "Category object",
      "action_flag": 1,
      "change_message": "[{\"added\": {}}]"
   }
},
{
   "model": "admin.logentry",
   "pk": 74,
   "fields": {
      "action_time": "2018-01-22T20:30:54.849Z",
      "user": 1,
      "content_type": 11,
      "object_id": "1",
      "object_repr": "Product: Apple iPhone 7 32GB Black",
      "action_flag": 2,
      "change_message": "[{\"changed\": {\"fields\": [\"category\"]}}]"
   }
},
{
   "model": "admin.logentry",
   "pk": 75,
   "fields": {
      "action_time": "2018-01-22T20:31:04.899Z",
      "user": 1,
      "content_type": 11,
      "object_id": "2",
      "object_repr": "Product: Apple iPhone 7 Plus 32GB Black",
      "action_flag": 2,
      "change_message": "[{\"changed\": {\"fields\": [\"category\"]}}]"
   }
},
{
   "model": "admin.logentry",
   "pk": 76,
   "fields": {
      "action_time": "2018-01-28T20:16:52.106Z",
      "user": 1,
      "content_type": 15,
      "object_id": "3",
      "object_repr": "Category: iPad",
      "action_flag": 1,
      "change_message": "[{\"added\": {}}]"
   }
},
{
   "model": "admin.logentry",
   "pk": 77,
   "fields": {
      "action_time": "2018-01-28T20:18:55.837Z",
      "user": 1,
      "content_type": 15,
      "object_id": "4",
      "object_repr": "Category: iMac",
      "action_flag": 1,
      "change_message": "[{\"added\": {}}]"
   }
},
{
   "model": "admin.logentry",
   "pk": 78,
   "fields": {
      "action_time": "2018-02-02T19:34:48.493Z",
      "user": 1,
      "content_type": 15,
      "object_id": "4",
      "object_repr": "Category: iMac",
      "action_flag": 2,
      "change_message": "[{\"changed\": {\"fields\": [\"category_image\"]}}]"
   }
},
{
   "model": "admin.logentry",
   "pk": 79,
   "fields": {
      "action_time": "2018-02-02T19:40:07.389Z",
      "user": 1,
      "content_type": 15,
      "object_id": "1",
      "object_repr": "Category: Laptop",
      "action_flag": 2,
      "change_message": "[{\"changed\": {\"fields\": [\"category_image\"]}}]"
   }
},
{
   "model": "admin.logentry",
   "pk": 80,
   "fields": {
      "action_time": "2018-02-02T19:49:10.979Z",
      "user": 1,
      "content_type": 15,
      "object_id": "3",
      "object_repr": "Category: iPad",
      "action_flag": 2,
      "change_message": "[{\"changed\": {\"fields\": [\"category_image\"]}}]"
   }
},
{
   "model": "admin.logentry",
   "pk": 81,
   "fields": {
      "action_time": "2018-02-02T20:20:46.410Z",
      "user": 1,
      "content_type": 15,
      "object_id": "2",
      "object_repr": "Category: iPhone",
      "action_flag": 2,
      "change_message": "[{\"changed\": {\"fields\": [\"category_name\"]}}]"
   }
},
{
   "model": "admin.logentry",
   "pk": 82,
   "fields": {
      "action_time": "2018-02-02T22:24:10.972Z",
      "user": 1,
      "content_type": 11,
      "object_id": "2",
      "object_repr": "Product: Apple iPhone 7 Plus 32GB Black",
      "action_flag": 2,
      "change_message": "[{\"changed\": {\"fields\": [\"discount\"]}}]"
   }
},
{
   "model": "admin.logentry",
   "pk": 83,
   "fields": {
      "action_time": "2018-02-03T12:53:35.542Z",
      "user": 1,
      "content_type": 11,
      "object_id": "2",
      "object_repr": "Product: Apple iPhone 7 Plus 32GB Black",
      "action_flag": 2,
      "change_message": "[{\"changed\": {\"fields\": [\"discount\"]}}]"
   }
},
{
   "model": "admin.logentry",
   "pk": 84,
   "fields": {
      "action_time": "2018-02-03T12:53:53.486Z",
      "user": 1,
      "content_type": 11,
      "object_id": "1",
      "object_repr": "Product: Apple iPhone 7 32GB Black",
      "action_flag": 2,
      "change_message": "[]"
   }
},
{
   "model": "admin.logentry",
   "pk": 85,
   "fields": {
      "action_time": "2018-02-03T13:02:09.510Z",
      "user": 1,
      "content_type": 11,
      "object_id": "2",
      "object_repr": "Product: Apple iPhone 7 Plus 32GB Black",
      "action_flag": 2,
      "change_message": "[{\"changed\": {\"name\": \"Product Image\", \"fields\": [\"is_main\"], \"object\": \"Product Image: 5\"}}]"
   }
},
{
   "model": "admin.logentry",
   "pk": 86,
   "fields": {
      "action_time": "2018-02-03T13:02:17.794Z",
      "user": 1,
      "content_type": 11,
      "object_id": "1",
      "object_repr": "Product: Apple iPhone 7 32GB Black",
      "action_flag": 2,
      "change_message": "[{\"changed\": {\"name\": \"Product Image\", \"fields\": [\"is_main\"], \"object\": \"Product Image: 1\"}}]"
   }
},
{
   "model": "admin.logentry",
   "pk": 87,
   "fields": {
      "action_time": "2018-02-03T20:11:41.542Z",
      "user": 1,
      "content_type": 11,
      "object_id": "3",
      "object_repr": "Product: MacBook Pro 13-inch - Space Grey",
      "action_flag": 1,
      "change_message": "[{\"added\": {}}, {\"added\": {\"name\": \"Product Image\", \"object\": \"Product Image: 8\"}}, {\"added\": {\"name\": \"Product Image\", \"object\": \"Product Image: 9\"}}, {\"added\": {\"name\": \"Product Image\", \"object\": \"Product Image: 10\"}}, {\"added\": {\"name\": \"Product Image\", \"object\": \"Product Image: 11\"}}]"
   }
},
{
   "model": "admin.logentry",
   "pk": 88,
   "fields": {
      "action_time": "2018-02-03T20:39:04.404Z",
      "user": 1,
      "content_type": 11,
      "object_id": "3",
      "object_repr": "Product: MacBook Pro 13-inch - Space Grey",
      "action_flag": 2,
      "change_message": "[{\"changed\": {\"object\": \"Product Image: 8\", \"name\": \"Product Image\", \"fields\": [\"image\"]}}]"
   }
},
{
   "model": "admin.logentry",
   "pk": 89,
   "fields": {
      "action_time": "2018-02-08T17:03:38.920Z",
      "user": 1,
      "content_type": 16,
      "object_id": "9",
      "object_repr": "Selected Product: MacBook Pro 13-inch - Space Grey",
      "action_flag": 3,
      "change_message": ""
   }
},
{
   "model": "admin.logentry",
   "pk": 90,
   "fields": {
      "action_time": "2018-02-08T17:03:39.068Z",
      "user": 1,
      "content_type": 16,
      "object_id": "8",
      "object_repr": "Selected Product: MacBook Pro 13-inch - Space Grey",
      "action_flag": 3,
      "change_message": ""
   }
},
{
   "model": "admin.logentry",
   "pk": 91,
   "fields": {
      "action_time": "2018-02-08T17:03:39.152Z",
      "user": 1,
      "content_type": 16,
      "object_id": "7",
      "object_repr": "Selected Product: MacBook Pro 13-inch - Space Grey",
      "action_flag": 3,
      "change_message": ""
   }
},
{
   "model": "admin.logentry",
   "pk": 92,
   "fields": {
      "action_time": "2018-02-08T17:03:39.348Z",
      "user": 1,
      "content_type": 16,
      "object_id": "6",
      "object_repr": "Selected Product: MacBook Pro 13-inch - Space Grey",
      "action_flag": 3,
      "change_message": ""
   }
},
{
   "model": "admin.logentry",
   "pk": 93,
   "fields": {
      "action_time": "2018-02-08T17:03:39.432Z",
      "user": 1,
      "content_type": 16,
      "object_id": "5",
      "object_repr": "Selected Product: MacBook Pro 13-inch - Space Grey",
      "action_flag": 3,
      "change_message": ""
   }
},
{
   "model": "admin.logentry",
   "pk": 94,
   "fields": {
      "action_time": "2018-02-08T17:03:39.556Z",
      "user": 1,
      "content_type": 16,
      "object_id": "4",
      "object_repr": "Selected Product: MacBook Pro 13-inch - Space Grey",
      "action_flag": 3,
      "change_message": ""
   }
},
{
   "model": "admin.logentry",
   "pk": 95,
   "fields": {
      "action_time": "2018-02-08T17:03:39.644Z",
      "user": 1,
      "content_type": 16,
      "object_id": "3",
      "object_repr": "Selected Product: MacBook Pro 13-inch - Space Grey",
      "action_flag": 3,
      "change_message": ""
   }
},
{
   "model": "admin.logentry",
   "pk": 96,
   "fields": {
      "action_time": "2018-02-08T17:03:39.756Z",
      "user": 1,
      "content_type": 16,
      "object_id": "2",
      "object_repr": "Selected Product: MacBook Pro 13-inch - Space Grey",
      "action_flag": 3,
      "change_message": ""
   }
},
{
   "model": "admin.logentry",
   "pk": 97,
   "fields": {
      "action_time": "2018-02-08T17:03:39.844Z",
      "user": 1,
      "content_type": 16,
      "object_id": "1",
      "object_repr": "Selected Product: MacBook Pro 13-inch - Space Grey",
      "action_flag": 3,
      "change_message": ""
   }
},
{
   "model": "admin.logentry",
   "pk": 98,
   "fields": {
      "action_time": "2018-02-08T17:16:07.440Z",
      "user": 1,
      "content_type": 16,
      "object_id": "10",
      "object_repr": "Selected Product: MacBook Pro 13-inch - Space Grey",
      "action_flag": 3,
      "change_message": ""
   }
},
{
   "model": "admin.logentry",
   "pk": 99,
   "fields": {
      "action_time": "2018-02-08T19:51:57.704Z",
      "user": 1,
      "content_type": 16,
      "object_id": "11",
      "object_repr": "Selected Product: MacBook Pro 13-inch - Space Grey",
      "action_flag": 3,
      "change_message": ""
   }
},
{
   "model": "admin.logentry",
   "pk": 100,
   "fields": {
      "action_time": "2018-02-08T20:08:04.610Z",
      "user": 1,
      "content_type": 16,
      "object_id": "13",
      "object_repr": "Selected Product: MacBook Pro 13-inch - Space Grey",
      "action_flag": 3,
      "change_message": ""
   }
},
{
   "model": "admin.logentry",
   "pk": 101,
   "fields": {
      "action_time": "2018-02-08T20:08:04.750Z",
      "user": 1,
      "content_type": 16,
      "object_id": "12",
      "object_repr": "Selected Product: MacBook Pro 13-inch - Space Grey",
      "action_flag": 3,
      "change_message": ""
   }
},
{
   "model": "admin.logentry",
   "pk": 102,
   "fields": {
      "action_time": "2018-02-09T17:52:06.563Z",
      "user": 1,
      "content_type": 16,
      "object_id": "16",
      "object_repr": "Selected Product: Apple iPhone 7 Plus 32GB Black",
      "action_flag": 3,
      "change_message": ""
   }
},
{
   "model": "admin.logentry",
   "pk": 103,
   "fields": {
      "action_time": "2018-02-09T17:52:06.676Z",
      "user": 1,
      "content_type": 16,
      "object_id": "15",
      "object_repr": "Selected Product: MacBook Pro 13-inch - Space Grey",
      "action_flag": 3,
      "change_message": ""
   }
},
{
   "model": "admin.logentry",
   "pk": 104,
   "fields": {
      "action_time": "2018-02-09T17:52:06.798Z",
      "user": 1,
      "content_type": 16,
      "object_id": "14",
      "object_repr": "Selected Product: MacBook Pro 13-inch - Space Grey",
      "action_flag": 3,
      "change_message": ""
   }
},
{
   "model": "admin.logentry",
   "pk": 105,
   "fields": {
      "action_time": "2018-02-09T17:52:17.317Z",
      "user": 1,
      "content_type": 16,
      "object_id": "18",
      "object_repr": "Selected Product: Apple iPhone 7 32GB Black",
      "action_flag": 3,
      "change_message": ""
   }
},
{
   "model": "admin.logentry",
   "pk": 106,
   "fields": {
      "action_time": "2018-02-09T17:52:17.447Z",
      "user": 1,
      "content_type": 16,
      "object_id": "17",
      "object_repr": "Selected Product: Apple iPhone 7 32GB Black",
      "action_flag": 3,
      "change_message": ""
   }
},
{
   "model": "admin.logentry",
   "pk": 107,
   "fields": {
      "action_time": "2018-02-09T17:59:06.221Z",
      "user": 1,
      "content_type": 16,
      "object_id": "21",
      "object_repr": "Selected Product: Apple iPhone 7 32GB Black",
      "action_flag": 3,
      "change_message": ""
   }
},
{
   "model": "admin.logentry",
   "pk": 108,
   "fields": {
      "action_time": "2018-02-09T17:59:06.408Z",
      "user": 1,
      "content_type": 16,
      "object_id": "20",
      "object_repr": "Selected Product: Apple iPhone 7 32GB Black",
      "action_flag": 3,
      "change_message": ""
   }
},
{
   "model": "admin.logentry",
   "pk": 109,
   "fields": {
      "action_time": "2018-02-09T17:59:06.542Z",
      "user": 1,
      "content_type": 16,
      "object_id": "19",
      "object_repr": "Selected Product: Apple iPhone 7 32GB Black",
      "action_flag": 3,
      "change_message": ""
   }
},
{
   "model": "admin.logentry",
   "pk": 110,
   "fields": {
      "action_time": "2018-02-09T19:42:16.377Z",
      "user": 1,
      "content_type": 16,
      "object_id": "23",
      "object_repr": "Selected Product: 1",
      "action_flag": 3,
      "change_message": ""
   }
},
{
   "model": "admin.logentry",
   "pk": 111,
   "fields": {
      "action_time": "2018-02-09T19:42:16.633Z",
      "user": 1,
      "content_type": 16,
      "object_id": "22",
      "object_repr": "Selected Product: 4",
      "action_flag": 3,
      "change_message": ""
   }
},
{
   "model": "admin.logentry",
   "pk": 112,
   "fields": {
      "action_time": "2018-02-09T19:51:27.886Z",
      "user": 1,
      "content_type": 16,
      "object_id": "25",
      "object_repr": "Selected Product: Apple iPhone 7 Plus 32GB Black",
      "action_flag": 3,
      "change_message": ""
   }
},
{
   "model": "admin.logentry",
   "pk": 113,
   "fields": {
      "action_time": "2018-02-09T19:51:28.014Z",
      "user": 1,
      "content_type": 16,
      "object_id": "24",
      "object_repr": "Selected Product: MacBook Pro 13-inch - Space Grey",
      "action_flag": 3,
      "change_message": ""
   }
},
{
   "model": "admin.logentry",
   "pk": 114,
   "fields": {
      "action_time": "2018-02-09T19:58:47.460Z",
      "user": 1,
      "content_type": 16,
      "object_id": "28",
      "object_repr": "Selected Product: Apple iPhone 7 32GB Black",
      "action_flag": 2,
      "change_message": "[]"
   }
},
{
   "model": "admin.logentry",
   "pk": 115,
   "fields": {
      "action_time": "2018-02-09T21:16:46.109Z",
      "user": 1,
      "content_type": 16,
      "object_id": "28",
      "object_repr": "Selected Product: Apple iPhone 7 32GB Black",
      "action_flag": 3,
      "change_message": ""
   }
},
{
   "model": "admin.logentry",
   "pk": 116,
   "fields": {
      "action_time": "2018-02-09T21:17:15.303Z",
      "user": 1,
      "content_type": 16,
      "object_id": "29",
      "object_repr": "Selected Product: Apple iPhone 7 32GB Black",
      "action_flag": 3,
      "change_message": ""
   }
},
{
   "model": "admin.logentry",
   "pk": 117,
   "fields": {
      "action_time": "2018-02-09T22:25:05.201Z",
      "user": 1,
      "content_type": 16,
      "object_id": "30",
      "object_repr": "Selected Product: Apple iPhone 7 32GB Black",
      "action_flag": 3,
      "change_message": ""
   }
},
{
   "model": "admin.logentry",
   "pk": 118,
   "fields": {
      "action_time": "2018-02-09T22:25:05.313Z",
      "user": 1,
      "content_type": 16,
      "object_id": "27",
      "object_repr": "Selected Product: Apple iPhone 7 Plus 32GB Black",
      "action_flag": 3,
      "change_message": ""
   }
},
{
   "model": "admin.logentry",
   "pk": 119,
   "fields": {
      "action_time": "2018-02-09T22:25:05.437Z",
      "user": 1,
      "content_type": 16,
      "object_id": "26",
      "object_repr": "Selected Product: MacBook Pro 13-inch - Space Grey",
      "action_flag": 3,
      "change_message": ""
   }
},
{
   "model": "admin.logentry",
   "pk": 120,
   "fields": {
      "action_time": "2018-02-09T23:13:08.035Z",
      "user": 1,
      "content_type": 16,
      "object_id": "31",
      "object_repr": "Selected Product: Apple iPhone 7 32GB Black",
      "action_flag": 1,
      "change_message": "[{\"added\": {}}]"
   }
},
{
   "model": "admin.logentry",
   "pk": 121,
   "fields": {
      "action_time": "2018-02-09T23:16:06.028Z",
      "user": 1,
      "content_type": 16,
      "object_id": "31",
      "object_repr": "Selected Product: Apple iPhone 7 32GB Black",
      "action_flag": 2,
      "change_message": "[]"
   }
},
{
   "model": "admin.logentry",
   "pk": 122,
   "fields": {
      "action_time": "2018-02-09T23:16:32.448Z",
      "user": 1,
      "content_type": 16,
      "object_id": "32",
      "object_repr": "Selected Product: Apple iPhone 7 Plus 32GB Black",
      "action_flag": 1,
      "change_message": "[{\"added\": {}}]"
   }
},
{
   "model": "admin.logentry",
   "pk": 123,
   "fields": {
      "action_time": "2018-02-10T00:01:54.443Z",
      "user": 1,
      "content_type": 16,
      "object_id": "33",
      "object_repr": "Selected Product: MacBook Pro 13-inch - Space Grey",
      "action_flag": 3,
      "change_message": ""
   }
},
{
   "model": "admin.logentry",
   "pk": 124,
   "fields": {
      "action_time": "2018-02-10T00:02:33.717Z",
      "user": 1,
      "content_type": 16,
      "object_id": "34",
      "object_repr": "Selected Product: MacBook Pro 13-inch - Space Grey",
      "action_flag": 3,
      "change_message": ""
   }
},
{
   "model": "admin.logentry",
   "pk": 125,
   "fields": {
      "action_time": "2018-02-10T00:02:33.841Z",
      "user": 1,
      "content_type": 16,
      "object_id": "32",
      "object_repr": "Selected Product: Apple iPhone 7 Plus 32GB Black",
      "action_flag": 3,
      "change_message": ""
   }
},
{
   "model": "admin.logentry",
   "pk": 126,
   "fields": {
      "action_time": "2018-02-10T00:02:33.951Z",
      "user": 1,
      "content_type": 16,
      "object_id": "31",
      "object_repr": "Selected Product: Apple iPhone 7 32GB Black",
      "action_flag": 3,
      "change_message": ""
   }
},
{
   "model": "admin.logentry",
   "pk": 127,
   "fields": {
      "action_time": "2018-02-10T14:17:46.451Z",
      "user": 1,
      "content_type": 16,
      "object_id": "36",
      "object_repr": "Selected Product: Apple iPhone 7 Plus 32GB Black",
      "action_flag": 2,
      "change_message": "[{\"changed\": {\"fields\": [\"is_active\"]}}]"
   }
},
{
   "model": "admin.logentry",
   "pk": 128,
   "fields": {
      "action_time": "2018-02-10T21:51:58.080Z",
      "user": 1,
      "content_type": 16,
      "object_id": "36",
      "object_repr": "Selected Product: Apple iPhone 7 Plus 32GB Black",
      "action_flag": 2,
      "change_message": "[{\"changed\": {\"fields\": [\"is_active\", \"number\"]}}]"
   }
},
{
   "model": "admin.logentry",
   "pk": 129,
   "fields": {
      "action_time": "2018-02-10T21:56:40.376Z",
      "user": 1,
      "content_type": 16,
      "object_id": "36",
      "object_repr": "Selected Product: Apple iPhone 7 Plus 32GB Black",
      "action_flag": 2,
      "change_message": "[{\"changed\": {\"fields\": [\"is_active\"]}}]"
   }
},
{
   "model": "admin.logentry",
   "pk": 130,
   "fields": {
      "action_time": "2018-02-17T12:32:44.622Z",
      "user": 1,
      "content_type": 9,
      "object_id": "6",
      "object_repr": "Order: 6 ",
      "action_flag": 3,
      "change_message": ""
   }
},
{
   "model": "admin.logentry",
   "pk": 131,
   "fields": {
      "action_time": "2018-02-17T12:32:44.798Z",
      "user": 1,
      "content_type": 9,
      "object_id": "5",
      "object_repr": "Order: 5 ",
      "action_flag": 3,
      "change_message": ""
   }
},
{
   "model": "admin.logentry",
   "pk": 132,
   "fields": {
      "action_time": "2018-02-17T12:32:44.938Z",
      "user": 1,
      "content_type": 9,
      "object_id": "4",
      "object_repr": "Order: 4 ",
      "action_flag": 3,
      "change_message": ""
   }
},
{
   "model": "admin.logentry",
   "pk": 133,
   "fields": {
      "action_time": "2018-02-17T12:32:45.050Z",
      "user": 1,
      "content_type": 9,
      "object_id": "3",
      "object_repr": "Order: 3 ",
      "action_flag": 3,
      "change_message": ""
   }
},
{
   "model": "admin.logentry",
   "pk": 134,
   "fields": {
      "action_time": "2018-02-17T12:33:11.260Z",
      "user": 1,
      "content_type": 9,
      "object_id": "1",
      "object_repr": "Order: 1 ",
      "action_flag": 2,
      "change_message": "[{\"changed\": {\"fields\": [\"customer_address\"]}}]"
   }
},
{
   "model": "admin.logentry",
   "pk": 135,
   "fields": {
      "action_time": "2018-02-17T12:33:50.021Z",
      "user": 1,
      "content_type": 9,
      "object_id": "2",
      "object_repr": "Order: 2 ",
      "action_flag": 2,
      "change_message": "[{\"changed\": {\"fields\": [\"customer_address\"]}}]"
   }
},
{
   "model": "admin.logentry",
   "pk": 136,
   "fields": {
      "action_time": "2018-02-17T12:34:05.050Z",
      "user": 1,
      "content_type": 9,
      "object_id": "1",
      "object_repr": "Order: 1 ",
      "action_flag": 2,
      "change_message": "[{\"changed\": {\"fields\": [\"user\"]}}]"
   }
},
{
   "model": "admin.logentry",
   "pk": 137,
   "fields": {
      "action_time": "2018-02-17T12:34:12.994Z",
      "user": 1,
      "content_type": 9,
      "object_id": "2",
      "object_repr": "Order: 2 ",
      "action_flag": 2,
      "change_message": "[{\"changed\": {\"fields\": [\"user\"]}}]"
   }
},
{
   "model": "admin.logentry",
   "pk": 138,
   "fields": {
      "action_time": "2018-02-17T16:14:55.685Z",
      "user": 1,
      "content_type": 16,
      "object_id": "51",
      "object_repr": "Selected Product: MacBook Pro 13-inch - Space Grey",
      "action_flag": 3,
      "change_message": ""
   }
},
{
   "model": "admin.logentry",
   "pk": 139,
   "fields": {
      "action_time": "2018-02-17T16:14:55.893Z",
      "user": 1,
      "content_type": 16,
      "object_id": "50",
      "object_repr": "Selected Product: Apple iPhone 7 32GB Black",
      "action_flag": 3,
      "change_message": ""
   }
},
{
   "model": "admin.logentry",
   "pk": 140,
   "fields": {
      "action_time": "2018-02-17T16:17:57.130Z",
      "user": 1,
      "content_type": 16,
      "object_id": "52",
      "object_repr": "Selected Product: Apple iPhone 7 32GB Black",
      "action_flag": 3,
      "change_message": ""
   }
},
{
   "model": "admin.logentry",
   "pk": 141,
   "fields": {
      "action_time": "2018-02-20T23:56:22.487Z",
      "user": 1,
      "content_type": 15,
      "object_id": "1",
      "object_repr": "Category: Laptop",
      "action_flag": 2,
      "change_message": "[{\"changed\": {\"fields\": [\"category_url\"]}}]"
   }
},
{
   "model": "admin.logentry",
   "pk": 142,
   "fields": {
      "action_time": "2018-02-20T23:56:44.330Z",
      "user": 1,
      "content_type": 15,
      "object_id": "2",
      "object_repr": "Category: iPhone",
      "action_flag": 2,
      "change_message": "[{\"changed\": {\"fields\": [\"category_url\"]}}]"
   }
},
{
   "model": "admin.logentry",
   "pk": 143,
   "fields": {
      "action_time": "2018-02-20T23:57:02.636Z",
      "user": 1,
      "content_type": 15,
      "object_id": "3",
      "object_repr": "Category: iPad",
      "action_flag": 2,
      "change_message": "[{\"changed\": {\"fields\": [\"category_url\"]}}]"
   }
},
{
   "model": "admin.logentry",
   "pk": 144,
   "fields": {
      "action_time": "2018-02-20T23:57:16.369Z",
      "user": 1,
      "content_type": 15,
      "object_id": "4",
      "object_repr": "Category: iMac",
      "action_flag": 2,
      "change_message": "[{\"changed\": {\"fields\": [\"category_url\"]}}]"
   }
},
{
   "model": "admin.logentry",
   "pk": 145,
   "fields": {
      "action_time": "2018-02-23T17:48:47.481Z",
      "user": 1,
      "content_type": 9,
      "object_id": "1",
      "object_repr": "Order: 1 ",
      "action_flag": 2,
      "change_message": "[{\"changed\": {\"fields\": [\"delivery\"]}}]"
   }
},
{
   "model": "admin.logentry",
   "pk": 146,
   "fields": {
      "action_time": "2018-02-23T17:52:43.333Z",
      "user": 1,
      "content_type": 9,
      "object_id": "1",
      "object_repr": "Order: 1 ",
      "action_flag": 2,
      "change_message": "[]"
   }
},
{
   "model": "admin.logentry",
   "pk": 147,
   "fields": {
      "action_time": "2018-02-23T17:52:59.308Z",
      "user": 1,
      "content_type": 9,
      "object_id": "2",
      "object_repr": "Order: 2 ",
      "action_flag": 2,
      "change_message": "[{\"changed\": {\"fields\": [\"delivery\"]}}]"
   }
},
{
   "model": "admin.logentry",
   "pk": 148,
   "fields": {
      "action_time": "2018-02-23T18:18:34.499Z",
      "user": 1,
      "content_type": 9,
      "object_id": "1",
      "object_repr": "Order: 1 ",
      "action_flag": 2,
      "change_message": "[]"
   }
},
{
   "model": "admin.logentry",
   "pk": 149,
   "fields": {
      "action_time": "2018-02-23T18:20:17.781Z",
      "user": 1,
      "content_type": 9,
      "object_id": "1",
      "object_repr": "Order: 1 ",
      "action_flag": 2,
      "change_message": "[{\"changed\": {\"fields\": [\"delivery\"]}}]"
   }
},
{
   "model": "admin.logentry",
   "pk": 150,
   "fields": {
      "action_time": "2018-02-23T18:21:34.971Z",
      "user": 1,
      "content_type": 9,
      "object_id": "1",
      "object_repr": "Order: 1 ",
      "action_flag": 2,
      "change_message": "[{\"changed\": {\"fields\": [\"delivery\"]}}]"
   }
},
{
   "model": "admin.logentry",
   "pk": 151,
   "fields": {
      "action_time": "2018-02-23T18:27:51.183Z",
      "user": 1,
      "content_type": 9,
      "object_id": "1",
      "object_repr": "Order: 1 ",
      "action_flag": 2,
      "change_message": "[{\"changed\": {\"fields\": [\"delivery\"]}}]"
   }
},
{
   "model": "admin.logentry",
   "pk": 152,
   "fields": {
      "action_time": "2018-02-23T18:28:08.622Z",
      "user": 1,
      "content_type": 9,
      "object_id": "1",
      "object_repr": "Order: 1 ",
      "action_flag": 2,
      "change_message": "[{\"changed\": {\"fields\": [\"delivery\"]}}]"
   }
},
{
   "model": "admin.logentry",
   "pk": 153,
   "fields": {
      "action_time": "2018-02-23T18:29:33.509Z",
      "user": 1,
      "content_type": 9,
      "object_id": "1",
      "object_repr": "Order: 1 ",
      "action_flag": 2,
      "change_message": "[{\"changed\": {\"fields\": [\"delivery\"]}}]"
   }
},
{
   "model": "admin.logentry",
   "pk": 154,
   "fields": {
      "action_time": "2018-02-23T18:30:30.346Z",
      "user": 1,
      "content_type": 9,
      "object_id": "1",
      "object_repr": "Order: 1 ",
      "action_flag": 2,
      "change_message": "[{\"changed\": {\"fields\": [\"delivery\"]}}, {\"changed\": {\"name\": \"Selected Product\", \"object\": \"Selected Product: Apple iPhone 7 32GB Black\", \"fields\": [\"number\"]}}]"
   }
},
{
   "model": "admin.logentry",
   "pk": 155,
   "fields": {
      "action_time": "2018-02-23T18:32:05.688Z",
      "user": 1,
      "content_type": 9,
      "object_id": "1",
      "object_repr": "Order: 1 ",
      "action_flag": 2,
      "change_message": "[{\"changed\": {\"fields\": [\"delivery\"]}}]"
   }
},
{
   "model": "admin.logentry",
   "pk": 156,
   "fields": {
      "action_time": "2018-02-23T18:32:18.519Z",
      "user": 1,
      "content_type": 9,
      "object_id": "1",
      "object_repr": "Order: 1 ",
      "action_flag": 2,
      "change_message": "[]"
   }
},
{
   "model": "admin.logentry",
   "pk": 157,
   "fields": {
      "action_time": "2018-02-23T18:32:51.550Z",
      "user": 1,
      "content_type": 9,
      "object_id": "1",
      "object_repr": "Order: 1 ",
      "action_flag": 2,
      "change_message": "[{\"changed\": {\"name\": \"Selected Product\", \"object\": \"Selected Product: Apple iPhone 7 32GB Black\", \"fields\": [\"number\"]}}]"
   }
},
{
   "model": "admin.logentry",
   "pk": 158,
   "fields": {
      "action_time": "2018-02-23T18:33:13.484Z",
      "user": 1,
      "content_type": 9,
      "object_id": "1",
      "object_repr": "Order: 1 ",
      "action_flag": 2,
      "change_message": "[{\"changed\": {\"fields\": [\"delivery\"]}}, {\"changed\": {\"name\": \"Selected Product\", \"object\": \"Selected Product: Apple iPhone 7 Plus 32GB Black\", \"fields\": [\"number\"]}}]"
   }
},
{
   "model": "admin.logentry",
   "pk": 159,
   "fields": {
      "action_time": "2018-02-23T18:36:21.988Z",
      "user": 1,
      "content_type": 9,
      "object_id": "1",
      "object_repr": "Order: 1 ",
      "action_flag": 2,
      "change_message": "[{\"changed\": {\"name\": \"Selected Product\", \"object\": \"Selected Product: Apple iPhone 7 Plus 32GB Black\", \"fields\": [\"number\"]}}]"
   }
},
{
   "model": "admin.logentry",
   "pk": 160,
   "fields": {
      "action_time": "2018-02-23T18:41:23.031Z",
      "user": 1,
      "content_type": 9,
      "object_id": "1",
      "object_repr": "Order: 1 ",
      "action_flag": 2,
      "change_message": "[{\"changed\": {\"fields\": [\"delivery\"]}}]"
   }
},
{
   "model": "admin.logentry",
   "pk": 161,
   "fields": {
      "action_time": "2018-02-23T18:43:22.858Z",
      "user": 1,
      "content_type": 9,
      "object_id": "1",
      "object_repr": "Order: 1 ",
      "action_flag": 2,
      "change_message": "[{\"changed\": {\"fields\": [\"delivery\"]}}]"
   }
},
{
   "model": "admin.logentry",
   "pk": 162,
   "fields": {
      "action_time": "2018-02-23T18:44:05.333Z",
      "user": 1,
      "content_type": 9,
      "object_id": "1",
      "object_repr": "Order: 1 ",
      "action_flag": 2,
      "change_message": "[{\"changed\": {\"fields\": [\"delivery\"]}}]"
   }
},
{
   "model": "admin.logentry",
   "pk": 163,
   "fields": {
      "action_time": "2018-02-23T18:45:10.456Z",
      "user": 1,
      "content_type": 9,
      "object_id": "1",
      "object_repr": "Order: 1 ",
      "action_flag": 2,
      "change_message": "[{\"changed\": {\"fields\": [\"delivery\"]}}]"
   }
},
{
   "model": "admin.logentry",
   "pk": 164,
   "fields": {
      "action_time": "2018-02-23T18:46:47.555Z",
      "user": 1,
      "content_type": 9,
      "object_id": "1",
      "object_repr": "Order: 1 ",
      "action_flag": 2,
      "change_message": "[{\"changed\": {\"fields\": [\"delivery\"]}}]"
   }
},
{
   "model": "admin.logentry",
   "pk": 165,
   "fields": {
      "action_time": "2018-02-23T18:54:49.136Z",
      "user": 1,
      "content_type": 9,
      "object_id": "1",
      "object_repr": "Order: 1 ",
      "action_flag": 2,
      "change_message": "[{\"changed\": {\"fields\": [\"delivery\"]}}]"
   }
},
{
   "model": "admin.logentry",
   "pk": 166,
   "fields": {
      "action_time": "2018-02-23T18:55:58.048Z",
      "user": 1,
      "content_type": 9,
      "object_id": "1",
      "object_repr": "Order: 1 ",
      "action_flag": 2,
      "change_message": "[{\"changed\": {\"fields\": [\"delivery\"]}}]"
   }
},
{
   "model": "admin.logentry",
   "pk": 167,
   "fields": {
      "action_time": "2018-02-23T18:57:00.758Z",
      "user": 1,
      "content_type": 9,
      "object_id": "1",
      "object_repr": "Order: 1 ",
      "action_flag": 2,
      "change_message": "[{\"changed\": {\"fields\": [\"delivery\"]}}]"
   }
},
{
   "model": "admin.logentry",
   "pk": 168,
   "fields": {
      "action_time": "2018-02-23T18:57:19.490Z",
      "user": 1,
      "content_type": 9,
      "object_id": "1",
      "object_repr": "Order: 1 ",
      "action_flag": 2,
      "change_message": "[{\"changed\": {\"fields\": [\"delivery\"]}}]"
   }
},
{
   "model": "admin.logentry",
   "pk": 169,
   "fields": {
      "action_time": "2018-02-23T18:58:17.028Z",
      "user": 1,
      "content_type": 9,
      "object_id": "1",
      "object_repr": "Order: 1 ",
      "action_flag": 2,
      "change_message": "[{\"changed\": {\"fields\": [\"delivery\"]}}]"
   }
},
{
   "model": "admin.logentry",
   "pk": 170,
   "fields": {
      "action_time": "2018-02-23T18:59:55.360Z",
      "user": 1,
      "content_type": 9,
      "object_id": "1",
      "object_repr": "Order: 1 ",
      "action_flag": 2,
      "change_message": "[{\"changed\": {\"fields\": [\"delivery\"]}}]"
   }
},
{
   "model": "admin.logentry",
   "pk": 171,
   "fields": {
      "action_time": "2018-02-23T19:06:14.214Z",
      "user": 1,
      "content_type": 9,
      "object_id": "1",
      "object_repr": "Order: 1 ",
      "action_flag": 2,
      "change_message": "[{\"changed\": {\"fields\": [\"delivery\"]}}]"
   }
},
{
   "model": "admin.logentry",
   "pk": 172,
   "fields": {
      "action_time": "2018-02-23T19:07:35.140Z",
      "user": 1,
      "content_type": 9,
      "object_id": "1",
      "object_repr": "Order: 1 ",
      "action_flag": 2,
      "change_message": "[{\"changed\": {\"fields\": [\"delivery\"]}}]"
   }
},
{
   "model": "admin.logentry",
   "pk": 173,
   "fields": {
      "action_time": "2018-02-23T19:08:50.171Z",
      "user": 1,
      "content_type": 9,
      "object_id": "1",
      "object_repr": "Order: 1 ",
      "action_flag": 2,
      "change_message": "[{\"changed\": {\"fields\": [\"delivery\"]}}]"
   }
},
{
   "model": "admin.logentry",
   "pk": 174,
   "fields": {
      "action_time": "2018-02-23T19:09:11.128Z",
      "user": 1,
      "content_type": 9,
      "object_id": "1",
      "object_repr": "Order: 1 ",
      "action_flag": 2,
      "change_message": "[{\"changed\": {\"name\": \"Selected Product\", \"fields\": [\"number\"], \"object\": \"Selected Product: Apple iPhone 7 32GB Black\"}}]"
   }
},
{
   "model": "admin.logentry",
   "pk": 175,
   "fields": {
      "action_time": "2018-02-23T19:09:43.771Z",
      "user": 1,
      "content_type": 9,
      "object_id": "1",
      "object_repr": "Order: 1 ",
      "action_flag": 2,
      "change_message": "[{\"changed\": {\"fields\": [\"delivery\"]}}, {\"changed\": {\"name\": \"Selected Product\", \"fields\": [\"number\"], \"object\": \"Selected Product: Apple iPhone 7 32GB Black\"}}]"
   }
},
{
   "model": "admin.logentry",
   "pk": 176,
   "fields": {
      "action_time": "2018-02-23T19:13:18.897Z",
      "user": 1,
      "content_type": 9,
      "object_id": "1",
      "object_repr": "Order: 1 ",
      "action_flag": 2,
      "change_message": "[{\"changed\": {\"fields\": [\"delivery\"]}}]"
   }
},
{
   "model": "admin.logentry",
   "pk": 177,
   "fields": {
      "action_time": "2018-02-23T19:24:07.383Z",
      "user": 1,
      "content_type": 9,
      "object_id": "1",
      "object_repr": "Order: 1 ",
      "action_flag": 2,
      "change_message": "[{\"changed\": {\"fields\": [\"delivery\"]}}]"
   }
},
{
   "model": "admin.logentry",
   "pk": 178,
   "fields": {
      "action_time": "2018-02-23T19:29:43.740Z",
      "user": 1,
      "content_type": 9,
      "object_id": "1",
      "object_repr": "Order: 1 ",
      "action_flag": 2,
      "change_message": "[{\"changed\": {\"fields\": [\"delivery\"]}}]"
   }
},
{
   "model": "admin.logentry",
   "pk": 179,
   "fields": {
      "action_time": "2018-02-23T19:56:53.556Z",
      "user": 1,
      "content_type": 9,
      "object_id": "1",
      "object_repr": "Order: 1 ",
      "action_flag": 2,
      "change_message": "[{\"added\": {\"name\": \"Delivery\", \"object\": \"Delivery: To the house\"}}]"
   }
},
{
   "model": "admin.logentry",
   "pk": 180,
   "fields": {
      "action_time": "2018-02-23T19:57:50.135Z",
      "user": 1,
      "content_type": 9,
      "object_id": "1",
      "object_repr": "Order: 1 ",
      "action_flag": 2,
      "change_message": "[{\"changed\": {\"name\": \"Delivery\", \"object\": \"Delivery: By mail\", \"fields\": [\"delivery\"]}}]"
   }
},
{
   "model": "admin.logentry",
   "pk": 181,
   "fields": {
      "action_time": "2018-02-23T20:00:35.298Z",
      "user": 1,
      "content_type": 9,
      "object_id": "1",
      "object_repr": "Order: 1 ",
      "action_flag": 2,
      "change_message": "[{\"changed\": {\"fields\": [\"delivery\"], \"object\": \"Delivery: To the house\", \"name\": \"Delivery\"}}]"
   }
},
{
   "model": "admin.logentry",
   "pk": 182,
   "fields": {
      "action_time": "2018-02-23T20:00:48.481Z",
      "user": 1,
      "content_type": 9,
      "object_id": "1",
      "object_repr": "Order: 1 ",
      "action_flag": 2,
      "change_message": "[{\"changed\": {\"fields\": [\"delivery\"], \"object\": \"Delivery: By mail\", \"name\": \"Delivery\"}}]"
   }
},
{
   "model": "admin.logentry",
   "pk": 183,
   "fields": {
      "action_time": "2018-02-23T20:16:13.389Z",
      "user": 1,
      "content_type": 9,
      "object_id": "1",
      "object_repr": "Order: 1 ",
      "action_flag": 2,
      "change_message": "[{\"changed\": {\"fields\": [\"delivery\"]}}]"
   }
},
{
   "model": "admin.logentry",
   "pk": 184,
   "fields": {
      "action_time": "2018-02-23T22:36:23.798Z",
      "user": 1,
      "content_type": 9,
      "object_id": "1",
      "object_repr": "Order: 1 ",
      "action_flag": 2,
      "change_message": "[{\"added\": {\"name\": \"Delivery\", \"object\": \"Delivery: To the house\"}}]"
   }
},
{
   "model": "admin.logentry",
   "pk": 185,
   "fields": {
      "action_time": "2018-02-23T22:41:12.881Z",
      "user": 1,
      "content_type": 9,
      "object_id": "1",
      "object_repr": "Order: 1 ",
      "action_flag": 2,
      "change_message": "[]"
   }
},
{
   "model": "admin.logentry",
   "pk": 186,
   "fields": {
      "action_time": "2018-02-23T22:43:13.847Z",
      "user": 1,
      "content_type": 9,
      "object_id": "1",
      "object_repr": "Order: 1 ",
      "action_flag": 2,
      "change_message": "[]"
   }
},
{
   "model": "admin.logentry",
   "pk": 187,
   "fields": {
      "action_time": "2018-02-23T22:45:17.623Z",
      "user": 1,
      "content_type": 9,
      "object_id": "2",
      "object_repr": "Order: 2 ",
      "action_flag": 2,
      "change_message": "[{\"added\": {\"name\": \"Delivery Product\", \"object\": \"Delivery Type: By mail\"}}]"
   }
},
{
   "model": "admin.logentry",
   "pk": 188,
   "fields": {
      "action_time": "2018-02-23T22:45:29.121Z",
      "user": 1,
      "content_type": 9,
      "object_id": "1",
      "object_repr": "Order: 1 ",
      "action_flag": 2,
      "change_message": "[{\"changed\": {\"fields\": [\"delivery\"], \"name\": \"Delivery Product\", \"object\": \"Delivery Type: By mail\"}}]"
   }
},
{
   "model": "admin.logentry",
   "pk": 189,
   "fields": {
      "action_time": "2018-02-23T22:45:49.987Z",
      "user": 1,
      "content_type": 9,
      "object_id": "2",
      "object_repr": "Order: 2 ",
      "action_flag": 2,
      "change_message": "[{\"changed\": {\"fields\": [\"delivery\"], \"name\": \"Delivery Product\", \"object\": \"Delivery Type: To the house\"}}]"
   }
},
{
   "model": "admin.logentry",
   "pk": 190,
   "fields": {
      "action_time": "2018-02-23T22:46:36.496Z",
      "user": 1,
      "content_type": 9,
      "object_id": "2",
      "object_repr": "Order: 2 ",
      "action_flag": 2,
      "change_message": "[{\"changed\": {\"fields\": [\"delivery\"], \"name\": \"Delivery Product\", \"object\": \"Delivery Type: By mail\"}}]"
   }
},
{
   "model": "admin.logentry",
   "pk": 191,
   "fields": {
      "action_time": "2018-02-23T22:46:47.332Z",
      "user": 1,
      "content_type": 9,
      "object_id": "1",
      "object_repr": "Order: 1 ",
      "action_flag": 2,
      "change_message": "[{\"changed\": {\"fields\": [\"delivery\"], \"name\": \"Delivery Product\", \"object\": \"Delivery Type: To the house\"}}]"
   }
},
{
   "model": "admin.logentry",
   "pk": 192,
   "fields": {
      "action_time": "2018-02-25T20:15:50.824Z",
      "user": 1,
      "content_type": 9,
      "object_id": "20",
      "object_repr": "Order: 20 ",
      "action_flag": 2,
      "change_message": "[]"
   }
},
{
   "model": "admin.logentry",
   "pk": 193,
   "fields": {
      "action_time": "2018-02-25T20:15:59.313Z",
      "user": 1,
      "content_type": 9,
      "object_id": "20",
      "object_repr": "Order: 20 ",
      "action_flag": 2,
      "change_message": "[]"
   }
},
{
   "model": "admin.logentry",
   "pk": 194,
   "fields": {
      "action_time": "2018-02-25T20:17:17.192Z",
      "user": 1,
      "content_type": 9,
      "object_id": "19",
      "object_repr": "Order: 19 ",
      "action_flag": 3,
      "change_message": ""
   }
},
{
   "model": "admin.logentry",
   "pk": 195,
   "fields": {
      "action_time": "2018-02-25T20:17:17.288Z",
      "user": 1,
      "content_type": 9,
      "object_id": "18",
      "object_repr": "Order: 18 ",
      "action_flag": 3,
      "change_message": ""
   }
},
{
   "model": "admin.logentry",
   "pk": 196,
   "fields": {
      "action_time": "2018-02-25T20:17:17.376Z",
      "user": 1,
      "content_type": 9,
      "object_id": "17",
      "object_repr": "Order: 17 ",
      "action_flag": 3,
      "change_message": ""
   }
},
{
   "model": "admin.logentry",
   "pk": 197,
   "fields": {
      "action_time": "2018-02-25T20:17:17.467Z",
      "user": 1,
      "content_type": 9,
      "object_id": "16",
      "object_repr": "Order: 16 ",
      "action_flag": 3,
      "change_message": ""
   }
},
{
   "model": "admin.logentry",
   "pk": 198,
   "fields": {
      "action_time": "2018-02-25T20:17:17.555Z",
      "user": 1,
      "content_type": 9,
      "object_id": "15",
      "object_repr": "Order: 15 ",
      "action_flag": 3,
      "change_message": ""
   }
},
{
   "model": "admin.logentry",
   "pk": 199,
   "fields": {
      "action_time": "2018-02-25T20:17:17.644Z",
      "user": 1,
      "content_type": 9,
      "object_id": "14",
      "object_repr": "Order: 14 ",
      "action_flag": 3,
      "change_message": ""
   }
},
{
   "model": "admin.logentry",
   "pk": 200,
   "fields": {
      "action_time": "2018-02-25T20:17:32.818Z",
      "user": 1,
      "content_type": 9,
      "object_id": "20",
      "object_repr": "Order: 20 ",
      "action_flag": 2,
      "change_message": "[{\"changed\": {\"object\": \"Delivery Type: By mail\", \"fields\": [\"delivery\"], \"name\": \"Delivery Product\"}}]"
   }
},
{
   "model": "admin.logentry",
   "pk": 201,
   "fields": {
      "action_time": "2018-02-25T20:18:58.775Z",
      "user": 1,
      "content_type": 9,
      "object_id": "21",
      "object_repr": "Order: 21 ",
      "action_flag": 1,
      "change_message": "[{\"added\": {}}, {\"added\": {\"object\": \"Delivery Type: To the house\", \"name\": \"Delivery Product\"}}, {\"added\": {\"object\": \"Selected Product: Apple iPhone 7 32GB Black\", \"name\": \"Selected Product\"}}]"
   }
},
{
   "model": "admin.logentry",
   "pk": 202,
   "fields": {
      "action_time": "2018-02-25T20:27:59.693Z",
      "user": 1,
      "content_type": 9,
      "object_id": "21",
      "object_repr": "Order: 21 ",
      "action_flag": 2,
      "change_message": "[{\"changed\": {\"object\": \"Delivery Type: By mail\", \"fields\": [\"delivery\"], \"name\": \"Delivery Product\"}}]"
   }
},
{
   "model": "admin.logentry",
   "pk": 203,
   "fields": {
      "action_time": "2018-02-25T20:28:08.467Z",
      "user": 1,
      "content_type": 9,
      "object_id": "21",
      "object_repr": "Order: 21 ",
      "action_flag": 2,
      "change_message": "[{\"changed\": {\"object\": \"Delivery Type: To the house\", \"fields\": [\"delivery\"], \"name\": \"Delivery Product\"}}]"
   }
},
{
   "model": "admin.logentry",
   "pk": 204,
   "fields": {
      "action_time": "2018-02-25T20:28:17.765Z",
      "user": 1,
      "content_type": 9,
      "object_id": "21",
      "object_repr": "Order: 21 ",
      "action_flag": 2,
      "change_message": "[{\"changed\": {\"object\": \"Delivery Type: By mail\", \"fields\": [\"delivery\"], \"name\": \"Delivery Product\"}}]"
   }
},
{
   "model": "admin.logentry",
   "pk": 205,
   "fields": {
      "action_time": "2018-02-25T20:29:43.880Z",
      "user": 1,
      "content_type": 9,
      "object_id": "22",
      "object_repr": "Order: 22 ",
      "action_flag": 1,
      "change_message": "[{\"added\": {}}, {\"added\": {\"object\": \"Delivery Type: To the house\", \"name\": \"Delivery Product\"}}, {\"added\": {\"object\": \"Selected Product: Apple iPhone 7 Plus 32GB Black\", \"name\": \"Selected Product\"}}]"
   }
},
{
   "model": "admin.logentry",
   "pk": 206,
   "fields": {
      "action_time": "2018-02-25T20:29:44.316Z",
      "user": 1,
      "content_type": 9,
      "object_id": "23",
      "object_repr": "Order: 23 ",
      "action_flag": 1,
      "change_message": "[{\"added\": {}}, {\"added\": {\"object\": \"Delivery Type: To the house\", \"name\": \"Delivery Product\"}}, {\"added\": {\"object\": \"Selected Product: Apple iPhone 7 Plus 32GB Black\", \"name\": \"Selected Product\"}}]"
   }
},
{
   "model": "admin.logentry",
   "pk": 207,
   "fields": {
      "action_time": "2018-02-25T20:30:23.482Z",
      "user": 1,
      "content_type": 9,
      "object_id": "23",
      "object_repr": "Order: 23 ",
      "action_flag": 2,
      "change_message": "[{\"changed\": {\"name\": \"Delivery Product\", \"object\": \"Delivery Type: By mail\", \"fields\": [\"delivery\"]}}]"
   }
},
{
   "model": "admin.logentry",
   "pk": 208,
   "fields": {
      "action_time": "2018-02-25T20:30:37.643Z",
      "user": 1,
      "content_type": 9,
      "object_id": "23",
      "object_repr": "Order: 23 ",
      "action_flag": 2,
      "change_message": "[{\"changed\": {\"name\": \"Delivery Product\", \"object\": \"Delivery Type: To the house\", \"fields\": [\"delivery\"]}}]"
   }
},
{
   "model": "admin.logentry",
   "pk": 209,
   "fields": {
      "action_time": "2018-02-25T20:31:24.935Z",
      "user": 1,
      "content_type": 9,
      "object_id": "23",
      "object_repr": "Order: 23 ",
      "action_flag": 2,
      "change_message": "[{\"changed\": {\"object\": \"Delivery Type: By mail\", \"name\": \"Delivery Product\", \"fields\": [\"delivery\"]}}]"
   }
},
{
   "model": "admin.logentry",
   "pk": 210,
   "fields": {
      "action_time": "2018-02-25T20:31:33.848Z",
      "user": 1,
      "content_type": 9,
      "object_id": "23",
      "object_repr": "Order: 23 ",
      "action_flag": 2,
      "change_message": "[{\"changed\": {\"object\": \"Delivery Type: To the house\", \"name\": \"Delivery Product\", \"fields\": [\"delivery\"]}}]"
   }
},
{
   "model": "admin.logentry",
   "pk": 211,
   "fields": {
      "action_time": "2018-02-25T20:32:08.740Z",
      "user": 1,
      "content_type": 9,
      "object_id": "23",
      "object_repr": "Order: 23 ",
      "action_flag": 2,
      "change_message": "[{\"changed\": {\"fields\": [\"delivery\"], \"name\": \"Delivery Product\", \"object\": \"Delivery Type: By mail\"}}]"
   }
},
{
   "model": "admin.logentry",
   "pk": 212,
   "fields": {
      "action_time": "2018-02-25T20:32:23.376Z",
      "user": 1,
      "content_type": 9,
      "object_id": "23",
      "object_repr": "Order: 23 ",
      "action_flag": 2,
      "change_message": "[{\"changed\": {\"fields\": [\"delivery\"], \"name\": \"Delivery Product\", \"object\": \"Delivery Type: To the house\"}}]"
   }
},
{
   "model": "admin.logentry",
   "pk": 213,
   "fields": {
      "action_time": "2018-02-25T20:32:46.919Z",
      "user": 1,
      "content_type": 9,
      "object_id": "23",
      "object_repr": "Order: 23 ",
      "action_flag": 2,
      "change_message": "[{\"changed\": {\"fields\": [\"delivery\"], \"name\": \"Delivery Product\", \"object\": \"Delivery Type: By mail\"}}]"
   }
},
{
   "model": "admin.logentry",
   "pk": 214,
   "fields": {
      "action_time": "2018-02-25T20:32:58.792Z",
      "user": 1,
      "content_type": 9,
      "object_id": "23",
      "object_repr": "Order: 23 ",
      "action_flag": 2,
      "change_message": "[{\"changed\": {\"fields\": [\"delivery\"], \"name\": \"Delivery Product\", \"object\": \"Delivery Type: To the house\"}}]"
   }
},
{
   "model": "admin.logentry",
   "pk": 215,
   "fields": {
      "action_time": "2018-02-25T20:33:58.038Z",
      "user": 1,
      "content_type": 9,
      "object_id": "23",
      "object_repr": "Order: 23 ",
      "action_flag": 2,
      "change_message": "[{\"changed\": {\"fields\": [\"delivery\"], \"object\": \"Delivery Type: By mail\", \"name\": \"Delivery Product\"}}]"
   }
},
{
   "model": "admin.logentry",
   "pk": 216,
   "fields": {
      "action_time": "2018-02-25T20:34:04.692Z",
      "user": 1,
      "content_type": 9,
      "object_id": "23",
      "object_repr": "Order: 23 ",
      "action_flag": 2,
      "change_message": "[{\"changed\": {\"fields\": [\"delivery\"], \"object\": \"Delivery Type: To the house\", \"name\": \"Delivery Product\"}}]"
   }
},
{
   "model": "admin.logentry",
   "pk": 217,
   "fields": {
      "action_time": "2018-02-25T20:34:11.013Z",
      "user": 1,
      "content_type": 9,
      "object_id": "23",
      "object_repr": "Order: 23 ",
      "action_flag": 2,
      "change_message": "[{\"changed\": {\"fields\": [\"delivery\"], \"object\": \"Delivery Type: By mail\", \"name\": \"Delivery Product\"}}]"
   }
},
{
   "model": "admin.logentry",
   "pk": 218,
   "fields": {
      "action_time": "2018-02-25T20:35:26.501Z",
      "user": 1,
      "content_type": 9,
      "object_id": "24",
      "object_repr": "Order: 24 ",
      "action_flag": 1,
      "change_message": "[{\"added\": {}}, {\"added\": {\"object\": \"Delivery Type: To the house\", \"name\": \"Delivery Product\"}}, {\"added\": {\"object\": \"Selected Product: MacBook Pro 13-inch - Space Grey\", \"name\": \"Selected Product\"}}]"
   }
},
{
   "model": "admin.logentry",
   "pk": 219,
   "fields": {
      "action_time": "2018-02-25T20:37:46.497Z",
      "user": 1,
      "content_type": 9,
      "object_id": "24",
      "object_repr": "Order: 24 ",
      "action_flag": 3,
      "change_message": ""
   }
},
{
   "model": "admin.logentry",
   "pk": 220,
   "fields": {
      "action_time": "2018-02-25T20:42:44.423Z",
      "user": 1,
      "content_type": 9,
      "object_id": "25",
      "object_repr": "Order: 25 ",
      "action_flag": 1,
      "change_message": "[{\"added\": {}}, {\"added\": {\"object\": \"Delivery Type: To the house\", \"name\": \"Delivery Product\"}}, {\"added\": {\"object\": \"Selected Product: Apple iPhone 7 Plus 32GB Black\", \"name\": \"Selected Product\"}}]"
   }
},
{
   "model": "admin.logentry",
   "pk": 221,
   "fields": {
      "action_time": "2018-02-25T20:43:15.664Z",
      "user": 1,
      "content_type": 9,
      "object_id": "26",
      "object_repr": "Order: 26 ",
      "action_flag": 1,
      "change_message": "[{\"added\": {}}, {\"added\": {\"object\": \"Delivery Type: By mail\", \"name\": \"Delivery Product\"}}, {\"added\": {\"object\": \"Selected Product: Apple iPhone 7 32GB Black\", \"name\": \"Selected Product\"}}]"
   }
},
{
   "model": "admin.logentry",
   "pk": 222,
   "fields": {
      "action_time": "2018-02-26T13:55:25.941Z",
      "user": 1,
      "content_type": 9,
      "object_id": "27",
      "object_repr": "Order: 27 ",
      "action_flag": 2,
      "change_message": "[]"
   }
},
{
   "model": "admin.logentry",
   "pk": 223,
   "fields": {
      "action_time": "2018-02-26T14:07:55.255Z",
      "user": 1,
      "content_type": 9,
      "object_id": "27",
      "object_repr": "Order: 27 ",
      "action_flag": 3,
      "change_message": ""
   }
},
{
   "model": "admin.logentry",
   "pk": 224,
   "fields": {
      "action_time": "2018-02-26T14:33:42.580Z",
      "user": 1,
      "content_type": 9,
      "object_id": "26",
      "object_repr": "Order: 26 ",
      "action_flag": 2,
      "change_message": "[{\"added\": {\"object\": \"Selected Product: Apple iPhone 7 Plus 32GB Black\", \"name\": \"Selected Product\"}}]"
   }
},
{
   "model": "admin.logentry",
   "pk": 225,
   "fields": {
      "action_time": "2018-02-26T14:34:33.156Z",
      "user": 1,
      "content_type": 9,
      "object_id": "28",
      "object_repr": "Order: 28 ",
      "action_flag": 2,
      "change_message": "[{\"added\": {\"object\": \"Selected Product: MacBook Pro 13-inch - Space Grey\", \"name\": \"Selected Product\"}}]"
   }
},
{
   "model": "admin.logentry",
   "pk": 226,
   "fields": {
      "action_time": "2018-02-26T14:42:54.275Z",
      "user": 1,
      "content_type": 9,
      "object_id": "32",
      "object_repr": "Order: 32 ",
      "action_flag": 1,
      "change_message": "[{\"added\": {}}, {\"added\": {\"object\": \"Delivery Type: To the house\", \"name\": \"Delivery Product\"}}, {\"added\": {\"object\": \"Selected Product: Apple iPhone 7 Plus 32GB Black\", \"name\": \"Selected Product\"}}]"
   }
},
{
   "model": "admin.logentry",
   "pk": 227,
   "fields": {
      "action_time": "2018-02-26T14:43:04.787Z",
      "user": 1,
      "content_type": 9,
      "object_id": "32",
      "object_repr": "Order: 32 ",
      "action_flag": 2,
      "change_message": "[]"
   }
},
{
   "model": "admin.logentry",
   "pk": 228,
   "fields": {
      "action_time": "2018-02-26T14:43:15.522Z",
      "user": 1,
      "content_type": 9,
      "object_id": "32",
      "object_repr": "Order: 32 ",
      "action_flag": 2,
      "change_message": "[{\"added\": {\"object\": \"Selected Product: Apple iPhone 7 32GB Black\", \"name\": \"Selected Product\"}}]"
   }
},
{
   "model": "admin.logentry",
   "pk": 229,
   "fields": {
      "action_time": "2018-03-01T00:28:11.843Z",
      "user": 1,
      "content_type": 9,
      "object_id": "34",
      "object_repr": "Order: 34 ",
      "action_flag": 2,
      "change_message": "[]"
   }
}
]
