PRAGMA foreign_keys=OFF;
BEGIN TRANSACTION;
CREATE TABLE IF NOT EXISTS "django_migrations" ("id" integer NOT NULL PRIMARY KEY AUTOINCREMENT, "app" varchar(255) NOT NULL, "name" varchar(255) NOT NULL, "applied" datetime NOT NULL);
INSERT INTO django_migrations VALUES(1,'contenttypes','0001_initial','2017-11-21 22:35:35.998052');
INSERT INTO django_migrations VALUES(2,'auth','0001_initial','2017-11-21 22:35:36.296055');
INSERT INTO django_migrations VALUES(3,'admin','0001_initial','2017-11-21 22:35:36.558364');
INSERT INTO django_migrations VALUES(4,'admin','0002_logentry_remove_auto_add','2017-11-21 22:35:36.815222');
INSERT INTO django_migrations VALUES(5,'contenttypes','0002_remove_content_type_name','2017-11-21 22:35:37.196439');
INSERT INTO django_migrations VALUES(6,'auth','0002_alter_permission_name_max_length','2017-11-21 22:35:37.458388');
INSERT INTO django_migrations VALUES(7,'auth','0003_alter_user_email_max_length','2017-11-21 22:35:37.763389');
INSERT INTO django_migrations VALUES(8,'auth','0004_alter_user_username_opts','2017-11-21 22:35:38.049113');
INSERT INTO django_migrations VALUES(9,'auth','0005_alter_user_last_login_null','2017-11-21 22:35:38.361292');
INSERT INTO django_migrations VALUES(10,'auth','0006_require_contenttypes_0002','2017-11-21 22:35:38.549321');
INSERT INTO django_migrations VALUES(11,'auth','0007_alter_validators_add_error_messages','2017-11-21 22:35:38.811403');
INSERT INTO django_migrations VALUES(12,'auth','0008_alter_user_username_max_length','2017-11-21 22:35:39.089398');
INSERT INTO django_migrations VALUES(13,'land','0001_initial','2017-11-21 22:35:39.277166');
INSERT INTO django_migrations VALUES(14,'sessions','0001_initial','2017-11-21 22:35:39.465834');
INSERT INTO django_migrations VALUES(15,'products','0001_initial','2018-01-03 17:42:17.550021');
INSERT INTO django_migrations VALUES(16,'orders','0001_initial','2018-01-03 17:42:17.758254');
INSERT INTO django_migrations VALUES(17,'products','0002_product_price','2018-01-03 19:35:08.845956');
INSERT INTO django_migrations VALUES(18,'orders','0002_auto_20180103_2200','2018-01-03 20:00:53.214262');
INSERT INTO django_migrations VALUES(19,'orders','0003_auto_20180103_2211','2018-01-03 20:11:24.145097');
INSERT INTO django_migrations VALUES(20,'orders','0004_auto_20180103_2231','2018-01-03 20:32:42.923077');
INSERT INTO django_migrations VALUES(21,'orders','0005_auto_20180103_2327','2018-01-03 21:27:14.846530');
INSERT INTO django_migrations VALUES(22,'orders','0006_auto_20180104_0133','2018-01-03 23:33:50.444195');
INSERT INTO django_migrations VALUES(23,'orders','0007_auto_20180104_0241','2018-01-04 00:41:30.263171');
INSERT INTO django_migrations VALUES(24,'orders','0008_auto_20180104_0305','2018-01-04 01:05:43.604107');
INSERT INTO django_migrations VALUES(25,'orders','0009_auto_20180104_0309','2018-01-04 01:09:23.166786');
INSERT INTO django_migrations VALUES(26,'orders','0010_remove_productinorder_delivery','2018-01-04 01:23:47.891306');
INSERT INTO django_migrations VALUES(27,'orders','0011_productinorder_delivery','2018-01-04 23:26:06.371164');
INSERT INTO django_migrations VALUES(28,'orders','0012_remove_productinorder_delivery','2018-01-04 23:40:22.034148');
INSERT INTO django_migrations VALUES(29,'orders','0013_productinorder_delivery_status','2018-01-05 01:19:48.495852');
INSERT INTO django_migrations VALUES(30,'orders','0014_remove_productinorder_delivery_status','2018-01-05 01:37:59.429289');
INSERT INTO django_migrations VALUES(31,'products','0003_auto_20180122_2224','2018-01-22 20:25:03.198622');
INSERT INTO django_migrations VALUES(32,'products','0004_auto_20180122_2246','2018-01-22 20:46:34.127381');
INSERT INTO django_migrations VALUES(33,'orders','0015_productinorder_discount_price','2018-02-02 22:23:23.824085');
INSERT INTO django_migrations VALUES(34,'products','0005_product_discount','2018-02-02 22:23:24.104398');
INSERT INTO django_migrations VALUES(35,'orders','0016_remove_productinorder_discount_price','2018-02-03 12:51:17.828916');
INSERT INTO django_migrations VALUES(36,'products','0006_product_discount_price','2018-02-03 12:51:18.063304');
INSERT INTO django_migrations VALUES(37,'products','0007_productimage_is_main','2018-02-03 13:01:30.784206');
INSERT INTO django_migrations VALUES(38,'land','0002_auto_20180208_1824','2018-02-08 16:24:15.229283');
INSERT INTO django_migrations VALUES(39,'orders','0017_productinbasket','2018-02-08 16:24:15.553339');
INSERT INTO django_migrations VALUES(40,'orders','0018_auto_20180208_1846','2018-02-08 16:46:19.021579');
INSERT INTO django_migrations VALUES(41,'orders','0019_remove_productinbasket_order','2018-02-09 19:35:32.160226');
INSERT INTO django_migrations VALUES(42,'orders','0020_auto_20180209_2136','2018-02-09 19:37:03.051157');
INSERT INTO django_migrations VALUES(43,'orders','0021_productinbasket_product','2018-02-09 19:38:34.476222');
INSERT INTO django_migrations VALUES(44,'orders','0022_order_customer_address','2018-02-16 20:05:18.056509');
INSERT INTO django_migrations VALUES(45,'orders','0023_order_user','2018-02-16 22:20:37.009373');
INSERT INTO django_migrations VALUES(46,'products','0008_category_category_url','2018-02-20 23:55:38.193923');
INSERT INTO django_migrations VALUES(47,'orders','0024_auto_20180223_2155','2018-02-23 19:55:29.501208');
INSERT INTO django_migrations VALUES(48,'orders','0025_auto_20180223_2215','2018-02-23 20:15:54.512047');
INSERT INTO django_migrations VALUES(49,'orders','0026_auto_20180224_0031','2018-02-23 22:31:49.435474');
INSERT INTO django_migrations VALUES(50,'orders','0027_auto_20180225_1654','2018-02-25 14:54:33.224331');
INSERT INTO django_migrations VALUES(51,'orders','0028_auto_20180225_2211','2018-02-25 20:11:43.010776');
INSERT INTO django_migrations VALUES(52,'orders','0029_auto_20180225_2214','2018-02-25 20:14:22.335019');
CREATE TABLE IF NOT EXISTS "auth_group" ("id" integer NOT NULL PRIMARY KEY AUTOINCREMENT, "name" varchar(80) NOT NULL UNIQUE);
CREATE TABLE IF NOT EXISTS "auth_group_permissions" ("id" integer NOT NULL PRIMARY KEY AUTOINCREMENT, "group_id" integer NOT NULL REFERENCES "auth_group" ("id"), "permission_id" integer NOT NULL REFERENCES "auth_permission" ("id"));
CREATE TABLE IF NOT EXISTS "auth_user_groups" ("id" integer NOT NULL PRIMARY KEY AUTOINCREMENT, "user_id" integer NOT NULL REFERENCES "auth_user" ("id"), "group_id" integer NOT NULL REFERENCES "auth_group" ("id"));
CREATE TABLE IF NOT EXISTS "auth_user_user_permissions" ("id" integer NOT NULL PRIMARY KEY AUTOINCREMENT, "user_id" integer NOT NULL REFERENCES "auth_user" ("id"), "permission_id" integer NOT NULL REFERENCES "auth_permission" ("id"));
CREATE TABLE IF NOT EXISTS "django_admin_log" ("id" integer NOT NULL PRIMARY KEY AUTOINCREMENT, "object_id" text NULL, "object_repr" varchar(200) NOT NULL, "action_flag" smallint unsigned NOT NULL, "change_message" text NOT NULL, "content_type_id" integer NULL REFERENCES "django_content_type" ("id"), "user_id" integer NOT NULL REFERENCES "auth_user" ("id"), "action_time" datetime NOT NULL);
INSERT INTO django_admin_log VALUES(1,'1','User: Apple iPhone 7 32GB Black',1,'[{"added": {}}, {"added": {"object": "User: 1", "name": "Product Image"}}, {"added": {"object": "User: 2", "name": "Product Image"}}, {"added": {"object": "User: 3", "name": "Product Image"}}, {"added": {"object": "User: 4", "name": "Product Image"}}]',11,1,'2018-01-03 19:14:15.447751');
INSERT INTO django_admin_log VALUES(2,'1','User: Apple iPhone 7 32GB Black',2,'[{"changed": {"fields": ["comments"]}}]',11,1,'2018-01-03 19:15:54.420967');
INSERT INTO django_admin_log VALUES(3,'1','User: Apple iPhone 7 32GB Black',2,'[{"changed": {"fields": ["price"]}}]',11,1,'2018-01-03 19:37:13.562093');
INSERT INTO django_admin_log VALUES(4,'1','User: 1 ',1,'[{"added": {}}, {"added": {"name": "Selected Product", "object": "User: Apple iPhone 7 32GB Black"}}, {"added": {"name": "Delivery", "object": "User: 1"}}, {"added": {"name": "Status Order", "object": "User: New"}}]',9,1,'2018-01-03 20:39:09.513183');
INSERT INTO django_admin_log VALUES(5,'1','User: 1 ',2,'[{"changed": {"name": "Selected Product", "fields": ["price_all"], "object": "User: Apple iPhone 7 32GB Black"}}]',9,1,'2018-01-03 21:47:11.573471');
INSERT INTO django_admin_log VALUES(6,'1','User: 1 ',2,'[]',9,1,'2018-01-03 21:47:25.067631');
INSERT INTO django_admin_log VALUES(7,'1','User: 1 ',2,'[{"changed": {"name": "Selected Product", "fields": ["number"], "object": "User: Apple iPhone 7 32GB Black"}}]',9,1,'2018-01-03 21:47:40.347799');
INSERT INTO django_admin_log VALUES(8,'1','User: 1 ',2,'[{"changed": {"name": "Selected Product", "fields": ["number"], "object": "User: Apple iPhone 7 32GB Black"}}]',9,1,'2018-01-03 21:48:07.366156');
INSERT INTO django_admin_log VALUES(9,'1','User: 1 ',2,'[]',9,1,'2018-01-03 21:48:15.281048');
INSERT INTO django_admin_log VALUES(10,'1','User: 1 ',2,'[]',9,1,'2018-01-03 21:52:20.216250');
INSERT INTO django_admin_log VALUES(11,'1','User: 1 ',2,'[]',9,1,'2018-01-03 21:56:27.597579');
INSERT INTO django_admin_log VALUES(12,'2','User: Apple iPhone 7 Plus 32GB Black',1,'[{"added": {}}, {"added": {"name": "Product Image", "object": "User: 5"}}, {"added": {"name": "Product Image", "object": "User: 6"}}, {"added": {"name": "Product Image", "object": "User: 7"}}]',11,1,'2018-01-03 22:05:57.500985');
INSERT INTO django_admin_log VALUES(13,'1','User: 1 ',2,'[{"added": {"name": "Selected Product", "object": "User: Apple iPhone 7 Plus 32GB Black"}}]',9,1,'2018-01-03 22:06:20.334657');
INSERT INTO django_admin_log VALUES(14,'1','User: 1 ',2,'[]',9,1,'2018-01-03 22:07:40.186394');
INSERT INTO django_admin_log VALUES(15,'1','User: 1 ',2,'[]',9,1,'2018-01-03 22:07:53.831682');
INSERT INTO django_admin_log VALUES(16,'1','User: 1 ',2,'[{"changed": {"object": "User: Apple iPhone 7 32GB Black", "fields": ["number"], "name": "Selected Product"}}]',9,1,'2018-01-03 22:08:02.988990');
INSERT INTO django_admin_log VALUES(17,'1','User: 1 ',2,'[{"changed": {"object": "User: Apple iPhone 7 32GB Black", "fields": ["number"], "name": "Selected Product"}}]',9,1,'2018-01-03 22:08:18.336213');
INSERT INTO django_admin_log VALUES(18,'1','User: 1 ',2,'[]',9,1,'2018-01-03 22:08:24.394053');
INSERT INTO django_admin_log VALUES(19,'1','User: 1 ',2,'[{"changed": {"object": "User: Apple iPhone 7 Plus 32GB Black", "fields": ["number"], "name": "Selected Product"}}]',9,1,'2018-01-03 22:08:52.436544');
INSERT INTO django_admin_log VALUES(20,'1','User: 1 ',2,'[]',9,1,'2018-01-03 22:09:11.524037');
INSERT INTO django_admin_log VALUES(21,'1','User: 1 ',2,'[{"changed": {"object": "User: Apple iPhone 7 Plus 32GB Black", "fields": ["number"], "name": "Selected Product"}}]',9,1,'2018-01-03 22:10:27.057852');
INSERT INTO django_admin_log VALUES(22,'1','User: 1 ',2,'[{"changed": {"object": "User: Apple iPhone 7 Plus 32GB Black", "fields": ["number"], "name": "Selected Product"}}]',9,1,'2018-01-03 22:10:50.166796');
INSERT INTO django_admin_log VALUES(23,'1','User: 1 ',2,'[]',9,1,'2018-01-03 22:10:59.958837');
INSERT INTO django_admin_log VALUES(24,'1','User: 1 ',2,'[]',9,1,'2018-01-03 22:44:23.041635');
INSERT INTO django_admin_log VALUES(25,'1','User: 1 ',2,'[{"changed": {"object": "User: Apple iPhone 7 32GB Black", "fields": ["number"], "name": "Selected Product"}}]',9,1,'2018-01-03 22:44:32.001683');
INSERT INTO django_admin_log VALUES(26,'1','User: 1 ',2,'[]',9,1,'2018-01-03 22:53:13.776683');
INSERT INTO django_admin_log VALUES(27,'1','User: 1 ',2,'[{"changed": {"object": "User: Apple iPhone 7 32GB Black", "fields": ["number"], "name": "Selected Product"}}]',9,1,'2018-01-03 22:53:23.568686');
INSERT INTO django_admin_log VALUES(28,'1','User: 1 ',2,'[{"changed": {"object": "User: Apple iPhone 7 Plus 32GB Black", "fields": ["number"], "name": "Selected Product"}}]',9,1,'2018-01-03 22:53:30.898910');
INSERT INTO django_admin_log VALUES(29,'1','User: 1 ',2,'[{"changed": {"object": "User: Apple iPhone 7 32GB Black", "fields": ["number"], "name": "Selected Product"}}, {"changed": {"object": "User: Apple iPhone 7 Plus 32GB Black", "fields": ["number"], "name": "Selected Product"}}]',9,1,'2018-01-03 22:54:17.535289');
INSERT INTO django_admin_log VALUES(30,'1','User: 1 ',2,'[{"changed": {"object": "User: Apple iPhone 7 32GB Black", "fields": ["number"], "name": "Selected Product"}}, {"changed": {"object": "User: Apple iPhone 7 Plus 32GB Black", "fields": ["number"], "name": "Selected Product"}}]',9,1,'2018-01-03 22:55:08.141144');
INSERT INTO django_admin_log VALUES(31,'1','User: 1 ',2,'[]',9,1,'2018-01-03 23:00:20.985623');
INSERT INTO django_admin_log VALUES(32,'1','User: 1 ',2,'[{"changed": {"name": "Delivery", "object": "User: 1", "fields": ["price_for_delivery_type"]}}]',9,1,'2018-01-03 23:00:29.348038');
INSERT INTO django_admin_log VALUES(33,'1','User: 1 ',2,'[]',9,1,'2018-01-03 23:01:09.566453');
INSERT INTO django_admin_log VALUES(34,'1','User: 1 ',2,'[]',9,1,'2018-01-03 23:09:51.159949');
INSERT INTO django_admin_log VALUES(35,'2','Status Order: Іs processed',1,'[{"added": {}}]',8,1,'2018-01-04 00:28:48.781928');
INSERT INTO django_admin_log VALUES(36,'3','Status Order: Сanceled',1,'[{"added": {}}]',8,1,'2018-01-04 00:29:53.278087');
INSERT INTO django_admin_log VALUES(37,'4','Status Order: Сompleted',1,'[{"added": {}}]',8,1,'2018-01-04 00:30:19.746325');
INSERT INTO django_admin_log VALUES(38,'1','Delivery: 1',2,'[{"changed": {"fields": ["delivery_type", "price_for_delivery_type"]}}]',13,1,'2018-01-04 00:33:15.916105');
INSERT INTO django_admin_log VALUES(39,'2','Delivery: By mail',1,'[{"added": {}}]',13,1,'2018-01-04 00:43:18.302554');
INSERT INTO django_admin_log VALUES(40,'2','Order: 2 ',1,'[{"added": {}}, {"added": {"object": "Selected Product: Apple iPhone 7 32GB Black", "name": "Selected Product"}}, {"added": {"object": "Selected Product: Apple iPhone 7 Plus 32GB Black", "name": "Selected Product"}}]',9,1,'2018-01-04 01:41:09.406108');
INSERT INTO django_admin_log VALUES(41,'1','Order: 1 ',2,'[{"changed": {"fields": ["status", "delivery"]}}]',9,1,'2018-01-04 01:41:43.712685');
INSERT INTO django_admin_log VALUES(42,'2','Order: 2 ',2,'[{"changed": {"fields": ["customer_name", "customer_email", "customer_number"]}}]',9,1,'2018-01-04 01:42:54.856599');
INSERT INTO django_admin_log VALUES(43,'2','Order: 2 ',2,'[{"changed": {"fields": ["delivery"]}}]',9,1,'2018-01-04 01:44:36.079303');
INSERT INTO django_admin_log VALUES(44,'2','Order: 2 ',2,'[]',9,1,'2018-01-04 23:32:11.902876');
INSERT INTO django_admin_log VALUES(45,'2','Order: 2 ',2,'[{"changed": {"fields": ["delivery"]}}]',9,1,'2018-01-04 23:32:26.782971');
INSERT INTO django_admin_log VALUES(46,'2','Order: 2 ',2,'[{"changed": {"fields": ["delivery"]}}, {"changed": {"object": "Selected Product: Apple iPhone 7 32GB Black", "name": "Selected Product", "fields": ["delivery"]}}, {"changed": {"object": "Selected Product: Apple iPhone 7 Plus 32GB Black", "name": "Selected Product", "fields": ["delivery"]}}]',9,1,'2018-01-04 23:32:41.092521');
INSERT INTO django_admin_log VALUES(47,'2','Order: 2 ',2,'[{"changed": {"object": "Selected Product: Apple iPhone 7 Plus 32GB Black", "name": "Selected Product", "fields": ["delivery"]}}]',9,1,'2018-01-04 23:34:41.803238');
INSERT INTO django_admin_log VALUES(48,'2','Order: 2 ',2,'[{"changed": {"object": "Selected Product: Apple iPhone 7 32GB Black", "name": "Selected Product", "fields": ["delivery"]}}, {"changed": {"object": "Selected Product: Apple iPhone 7 Plus 32GB Black", "name": "Selected Product", "fields": ["delivery"]}}]',9,1,'2018-01-04 23:35:08.925166');
INSERT INTO django_admin_log VALUES(49,'2','Order: 2 ',2,'[{"changed": {"fields": ["delivery"]}}]',9,1,'2018-01-04 23:54:52.232085');
INSERT INTO django_admin_log VALUES(50,'2','Order: 2 ',2,'[{"changed": {"fields": ["delivery"]}}]',9,1,'2018-01-04 23:55:55.957869');
INSERT INTO django_admin_log VALUES(51,'2','Order: 2 ',2,'[{"changed": {"fields": ["delivery"]}}]',9,1,'2018-01-04 23:56:26.909428');
INSERT INTO django_admin_log VALUES(52,'1','Delivery: To the house',2,'[{"changed": {"fields": ["status_delivery_type"]}}]',13,1,'2018-01-05 00:27:48.523825');
INSERT INTO django_admin_log VALUES(53,'2','Order: 2 ',2,'[{"changed": {"fields": ["delivery"]}}]',9,1,'2018-01-05 00:28:11.436723');
INSERT INTO django_admin_log VALUES(54,'2','Order: 2 ',2,'[{"changed": {"fields": ["delivery"]}}]',9,1,'2018-01-05 00:54:18.727056');
INSERT INTO django_admin_log VALUES(55,'1','Delivery: To the house',2,'[{"changed": {"fields": ["status_delivery_type"]}}]',13,1,'2018-01-05 00:56:00.348060');
INSERT INTO django_admin_log VALUES(56,'2','Order: 2 ',2,'[{"changed": {"fields": ["delivery"]}}]',9,1,'2018-01-05 00:56:31.693544');
INSERT INTO django_admin_log VALUES(57,'2','Order: 2 ',2,'[{"changed": {"fields": ["delivery"]}}]',9,1,'2018-01-05 00:58:15.692764');
INSERT INTO django_admin_log VALUES(58,'2','Order: 2 ',2,'[{"changed": {"fields": ["delivery"]}}, {"changed": {"fields": ["number"], "name": "Selected Product", "object": "Selected Product: Apple iPhone 7 Plus 32GB Black"}}]',9,1,'2018-01-05 01:03:12.874938');
INSERT INTO django_admin_log VALUES(59,'2','Order: 2 ',2,'[{"changed": {"fields": ["delivery"]}}]',9,1,'2018-01-05 01:03:47.833869');
INSERT INTO django_admin_log VALUES(60,'2','Order: 2 ',2,'[{"changed": {"fields": ["delivery"]}}]',9,1,'2018-01-05 01:03:56.244416');
INSERT INTO django_admin_log VALUES(61,'2','Order: 2 ',2,'[{"changed": {"fields": ["number"], "name": "Selected Product", "object": "Selected Product: Apple iPhone 7 Plus 32GB Black"}}]',9,1,'2018-01-05 01:04:03.007940');
INSERT INTO django_admin_log VALUES(62,'2','Order: 2 ',2,'[{"changed": {"fields": ["delivery"]}}]',9,1,'2018-01-05 01:05:31.753348');
INSERT INTO django_admin_log VALUES(63,'2','Order: 2 ',2,'[{"changed": {"fields": ["delivery"]}}]',9,1,'2018-01-05 01:05:45.398366');
INSERT INTO django_admin_log VALUES(64,'2','Order: 2 ',2,'[{"changed": {"fields": ["delivery"]}}]',9,1,'2018-01-05 01:16:42.154780');
INSERT INTO django_admin_log VALUES(65,'2','Order: 2 ',2,'[{"changed": {"fields": ["delivery"]}}]',9,1,'2018-01-05 01:23:59.155971');
INSERT INTO django_admin_log VALUES(66,'2','Order: 2 ',2,'[{"changed": {"fields": ["delivery"]}}]',9,1,'2018-01-05 01:38:24.864065');
INSERT INTO django_admin_log VALUES(67,'2','Order: 2 ',2,'[{"changed": {"fields": ["delivery"]}}]',9,1,'2018-01-05 01:38:37.486967');
INSERT INTO django_admin_log VALUES(68,'2','Order: 2 ',2,'[{"changed": {"fields": ["delivery"]}}]',9,1,'2018-01-05 01:49:03.802898');
INSERT INTO django_admin_log VALUES(69,'2','Order: 2 ',2,'[{"changed": {"object": "Selected Product: Apple iPhone 7 32GB Black", "name": "Selected Product", "fields": ["number"]}}]',9,1,'2018-01-05 01:49:12.897269');
INSERT INTO django_admin_log VALUES(70,'2','Order: 2 ',2,'[{"changed": {"object": "Selected Product: Apple iPhone 7 32GB Black", "name": "Selected Product", "fields": ["number"]}}]',9,1,'2018-01-05 01:49:26.302311');
INSERT INTO django_admin_log VALUES(71,'2','Order: 2 ',2,'[{"changed": {"fields": ["delivery"]}}]',9,1,'2018-01-05 01:49:40.105117');
INSERT INTO django_admin_log VALUES(72,'1','Category object',1,'[{"added": {}}]',15,1,'2018-01-22 20:25:55.845569');
INSERT INTO django_admin_log VALUES(73,'2','Category object',1,'[{"added": {}}]',15,1,'2018-01-22 20:26:45.322072');
INSERT INTO django_admin_log VALUES(74,'1','Product: Apple iPhone 7 32GB Black',2,'[{"changed": {"fields": ["category"]}}]',11,1,'2018-01-22 20:30:54.849565');
INSERT INTO django_admin_log VALUES(75,'2','Product: Apple iPhone 7 Plus 32GB Black',2,'[{"changed": {"fields": ["category"]}}]',11,1,'2018-01-22 20:31:04.899131');
INSERT INTO django_admin_log VALUES(76,'3','Category: iPad',1,'[{"added": {}}]',15,1,'2018-01-28 20:16:52.106041');
INSERT INTO django_admin_log VALUES(77,'4','Category: iMac',1,'[{"added": {}}]',15,1,'2018-01-28 20:18:55.837293');
INSERT INTO django_admin_log VALUES(78,'4','Category: iMac',2,'[{"changed": {"fields": ["category_image"]}}]',15,1,'2018-02-02 19:34:48.493601');
INSERT INTO django_admin_log VALUES(79,'1','Category: Laptop',2,'[{"changed": {"fields": ["category_image"]}}]',15,1,'2018-02-02 19:40:07.389952');
INSERT INTO django_admin_log VALUES(80,'3','Category: iPad',2,'[{"changed": {"fields": ["category_image"]}}]',15,1,'2018-02-02 19:49:10.979830');
INSERT INTO django_admin_log VALUES(81,'2','Category: iPhone',2,'[{"changed": {"fields": ["category_name"]}}]',15,1,'2018-02-02 20:20:46.410150');
INSERT INTO django_admin_log VALUES(82,'2','Product: Apple iPhone 7 Plus 32GB Black',2,'[{"changed": {"fields": ["discount"]}}]',11,1,'2018-02-02 22:24:10.972643');
INSERT INTO django_admin_log VALUES(83,'2','Product: Apple iPhone 7 Plus 32GB Black',2,'[{"changed": {"fields": ["discount"]}}]',11,1,'2018-02-03 12:53:35.542450');
INSERT INTO django_admin_log VALUES(84,'1','Product: Apple iPhone 7 32GB Black',2,'[]',11,1,'2018-02-03 12:53:53.486468');
INSERT INTO django_admin_log VALUES(85,'2','Product: Apple iPhone 7 Plus 32GB Black',2,'[{"changed": {"name": "Product Image", "fields": ["is_main"], "object": "Product Image: 5"}}]',11,1,'2018-02-03 13:02:09.510846');
INSERT INTO django_admin_log VALUES(86,'1','Product: Apple iPhone 7 32GB Black',2,'[{"changed": {"name": "Product Image", "fields": ["is_main"], "object": "Product Image: 1"}}]',11,1,'2018-02-03 13:02:17.794836');
INSERT INTO django_admin_log VALUES(87,'3','Product: MacBook Pro 13-inch - Space Grey',1,'[{"added": {}}, {"added": {"name": "Product Image", "object": "Product Image: 8"}}, {"added": {"name": "Product Image", "object": "Product Image: 9"}}, {"added": {"name": "Product Image", "object": "Product Image: 10"}}, {"added": {"name": "Product Image", "object": "Product Image: 11"}}]',11,1,'2018-02-03 20:11:41.542026');
INSERT INTO django_admin_log VALUES(88,'3','Product: MacBook Pro 13-inch - Space Grey',2,'[{"changed": {"object": "Product Image: 8", "name": "Product Image", "fields": ["image"]}}]',11,1,'2018-02-03 20:39:04.404485');
INSERT INTO django_admin_log VALUES(89,'9','Selected Product: MacBook Pro 13-inch - Space Grey',3,'',16,1,'2018-02-08 17:03:38.920571');
INSERT INTO django_admin_log VALUES(90,'8','Selected Product: MacBook Pro 13-inch - Space Grey',3,'',16,1,'2018-02-08 17:03:39.068642');
INSERT INTO django_admin_log VALUES(91,'7','Selected Product: MacBook Pro 13-inch - Space Grey',3,'',16,1,'2018-02-08 17:03:39.152676');
INSERT INTO django_admin_log VALUES(92,'6','Selected Product: MacBook Pro 13-inch - Space Grey',3,'',16,1,'2018-02-08 17:03:39.348641');
INSERT INTO django_admin_log VALUES(93,'5','Selected Product: MacBook Pro 13-inch - Space Grey',3,'',16,1,'2018-02-08 17:03:39.432721');
INSERT INTO django_admin_log VALUES(94,'4','Selected Product: MacBook Pro 13-inch - Space Grey',3,'',16,1,'2018-02-08 17:03:39.556674');
INSERT INTO django_admin_log VALUES(95,'3','Selected Product: MacBook Pro 13-inch - Space Grey',3,'',16,1,'2018-02-08 17:03:39.644708');
INSERT INTO django_admin_log VALUES(96,'2','Selected Product: MacBook Pro 13-inch - Space Grey',3,'',16,1,'2018-02-08 17:03:39.756710');
INSERT INTO django_admin_log VALUES(97,'1','Selected Product: MacBook Pro 13-inch - Space Grey',3,'',16,1,'2018-02-08 17:03:39.844722');
INSERT INTO django_admin_log VALUES(98,'10','Selected Product: MacBook Pro 13-inch - Space Grey',3,'',16,1,'2018-02-08 17:16:07.440137');
INSERT INTO django_admin_log VALUES(99,'11','Selected Product: MacBook Pro 13-inch - Space Grey',3,'',16,1,'2018-02-08 19:51:57.704408');
INSERT INTO django_admin_log VALUES(100,'13','Selected Product: MacBook Pro 13-inch - Space Grey',3,'',16,1,'2018-02-08 20:08:04.610789');
INSERT INTO django_admin_log VALUES(101,'12','Selected Product: MacBook Pro 13-inch - Space Grey',3,'',16,1,'2018-02-08 20:08:04.750947');
INSERT INTO django_admin_log VALUES(102,'16','Selected Product: Apple iPhone 7 Plus 32GB Black',3,'',16,1,'2018-02-09 17:52:06.563398');
INSERT INTO django_admin_log VALUES(103,'15','Selected Product: MacBook Pro 13-inch - Space Grey',3,'',16,1,'2018-02-09 17:52:06.676525');
INSERT INTO django_admin_log VALUES(104,'14','Selected Product: MacBook Pro 13-inch - Space Grey',3,'',16,1,'2018-02-09 17:52:06.798645');
INSERT INTO django_admin_log VALUES(105,'18','Selected Product: Apple iPhone 7 32GB Black',3,'',16,1,'2018-02-09 17:52:17.317893');
INSERT INTO django_admin_log VALUES(106,'17','Selected Product: Apple iPhone 7 32GB Black',3,'',16,1,'2018-02-09 17:52:17.447040');
INSERT INTO django_admin_log VALUES(107,'21','Selected Product: Apple iPhone 7 32GB Black',3,'',16,1,'2018-02-09 17:59:06.221134');
INSERT INTO django_admin_log VALUES(108,'20','Selected Product: Apple iPhone 7 32GB Black',3,'',16,1,'2018-02-09 17:59:06.408345');
INSERT INTO django_admin_log VALUES(109,'19','Selected Product: Apple iPhone 7 32GB Black',3,'',16,1,'2018-02-09 17:59:06.542495');
INSERT INTO django_admin_log VALUES(110,'23','Selected Product: 1',3,'',16,1,'2018-02-09 19:42:16.377374');
INSERT INTO django_admin_log VALUES(111,'22','Selected Product: 4',3,'',16,1,'2018-02-09 19:42:16.633419');
INSERT INTO django_admin_log VALUES(112,'25','Selected Product: Apple iPhone 7 Plus 32GB Black',3,'',16,1,'2018-02-09 19:51:27.886881');
INSERT INTO django_admin_log VALUES(113,'24','Selected Product: MacBook Pro 13-inch - Space Grey',3,'',16,1,'2018-02-09 19:51:28.014883');
INSERT INTO django_admin_log VALUES(114,'28','Selected Product: Apple iPhone 7 32GB Black',2,'[]',16,1,'2018-02-09 19:58:47.460603');
INSERT INTO django_admin_log VALUES(115,'28','Selected Product: Apple iPhone 7 32GB Black',3,'',16,1,'2018-02-09 21:16:46.109226');
INSERT INTO django_admin_log VALUES(116,'29','Selected Product: Apple iPhone 7 32GB Black',3,'',16,1,'2018-02-09 21:17:15.303348');
INSERT INTO django_admin_log VALUES(117,'30','Selected Product: Apple iPhone 7 32GB Black',3,'',16,1,'2018-02-09 22:25:05.201205');
INSERT INTO django_admin_log VALUES(118,'27','Selected Product: Apple iPhone 7 Plus 32GB Black',3,'',16,1,'2018-02-09 22:25:05.313239');
INSERT INTO django_admin_log VALUES(119,'26','Selected Product: MacBook Pro 13-inch - Space Grey',3,'',16,1,'2018-02-09 22:25:05.437243');
INSERT INTO django_admin_log VALUES(120,'31','Selected Product: Apple iPhone 7 32GB Black',1,'[{"added": {}}]',16,1,'2018-02-09 23:13:08.035168');
INSERT INTO django_admin_log VALUES(121,'31','Selected Product: Apple iPhone 7 32GB Black',2,'[]',16,1,'2018-02-09 23:16:06.028904');
INSERT INTO django_admin_log VALUES(122,'32','Selected Product: Apple iPhone 7 Plus 32GB Black',1,'[{"added": {}}]',16,1,'2018-02-09 23:16:32.448664');
INSERT INTO django_admin_log VALUES(123,'33','Selected Product: MacBook Pro 13-inch - Space Grey',3,'',16,1,'2018-02-10 00:01:54.443118');
INSERT INTO django_admin_log VALUES(124,'34','Selected Product: MacBook Pro 13-inch - Space Grey',3,'',16,1,'2018-02-10 00:02:33.717258');
INSERT INTO django_admin_log VALUES(125,'32','Selected Product: Apple iPhone 7 Plus 32GB Black',3,'',16,1,'2018-02-10 00:02:33.841419');
INSERT INTO django_admin_log VALUES(126,'31','Selected Product: Apple iPhone 7 32GB Black',3,'',16,1,'2018-02-10 00:02:33.951540');
INSERT INTO django_admin_log VALUES(127,'36','Selected Product: Apple iPhone 7 Plus 32GB Black',2,'[{"changed": {"fields": ["is_active"]}}]',16,1,'2018-02-10 14:17:46.451113');
INSERT INTO django_admin_log VALUES(128,'36','Selected Product: Apple iPhone 7 Plus 32GB Black',2,'[{"changed": {"fields": ["is_active", "number"]}}]',16,1,'2018-02-10 21:51:58.080768');
INSERT INTO django_admin_log VALUES(129,'36','Selected Product: Apple iPhone 7 Plus 32GB Black',2,'[{"changed": {"fields": ["is_active"]}}]',16,1,'2018-02-10 21:56:40.376321');
INSERT INTO django_admin_log VALUES(130,'6','Order: 6 ',3,'',9,1,'2018-02-17 12:32:44.622578');
INSERT INTO django_admin_log VALUES(131,'5','Order: 5 ',3,'',9,1,'2018-02-17 12:32:44.798587');
INSERT INTO django_admin_log VALUES(132,'4','Order: 4 ',3,'',9,1,'2018-02-17 12:32:44.938611');
INSERT INTO django_admin_log VALUES(133,'3','Order: 3 ',3,'',9,1,'2018-02-17 12:32:45.050660');
INSERT INTO django_admin_log VALUES(134,'1','Order: 1 ',2,'[{"changed": {"fields": ["customer_address"]}}]',9,1,'2018-02-17 12:33:11.260840');
INSERT INTO django_admin_log VALUES(135,'2','Order: 2 ',2,'[{"changed": {"fields": ["customer_address"]}}]',9,1,'2018-02-17 12:33:50.021908');
INSERT INTO django_admin_log VALUES(136,'1','Order: 1 ',2,'[{"changed": {"fields": ["user"]}}]',9,1,'2018-02-17 12:34:05.050927');
INSERT INTO django_admin_log VALUES(137,'2','Order: 2 ',2,'[{"changed": {"fields": ["user"]}}]',9,1,'2018-02-17 12:34:12.994895');
INSERT INTO django_admin_log VALUES(138,'51','Selected Product: MacBook Pro 13-inch - Space Grey',3,'',16,1,'2018-02-17 16:14:55.685176');
INSERT INTO django_admin_log VALUES(139,'50','Selected Product: Apple iPhone 7 32GB Black',3,'',16,1,'2018-02-17 16:14:55.893209');
INSERT INTO django_admin_log VALUES(140,'52','Selected Product: Apple iPhone 7 32GB Black',3,'',16,1,'2018-02-17 16:17:57.130524');
INSERT INTO django_admin_log VALUES(141,'1','Category: Laptop',2,'[{"changed": {"fields": ["category_url"]}}]',15,1,'2018-02-20 23:56:22.487746');
INSERT INTO django_admin_log VALUES(142,'2','Category: iPhone',2,'[{"changed": {"fields": ["category_url"]}}]',15,1,'2018-02-20 23:56:44.330404');
INSERT INTO django_admin_log VALUES(143,'3','Category: iPad',2,'[{"changed": {"fields": ["category_url"]}}]',15,1,'2018-02-20 23:57:02.636910');
INSERT INTO django_admin_log VALUES(144,'4','Category: iMac',2,'[{"changed": {"fields": ["category_url"]}}]',15,1,'2018-02-20 23:57:16.369425');
INSERT INTO django_admin_log VALUES(145,'1','Order: 1 ',2,'[{"changed": {"fields": ["delivery"]}}]',9,1,'2018-02-23 17:48:47.481980');
INSERT INTO django_admin_log VALUES(146,'1','Order: 1 ',2,'[]',9,1,'2018-02-23 17:52:43.333421');
INSERT INTO django_admin_log VALUES(147,'2','Order: 2 ',2,'[{"changed": {"fields": ["delivery"]}}]',9,1,'2018-02-23 17:52:59.308338');
INSERT INTO django_admin_log VALUES(148,'1','Order: 1 ',2,'[]',9,1,'2018-02-23 18:18:34.499951');
INSERT INTO django_admin_log VALUES(149,'1','Order: 1 ',2,'[{"changed": {"fields": ["delivery"]}}]',9,1,'2018-02-23 18:20:17.781899');
INSERT INTO django_admin_log VALUES(150,'1','Order: 1 ',2,'[{"changed": {"fields": ["delivery"]}}]',9,1,'2018-02-23 18:21:34.971612');
INSERT INTO django_admin_log VALUES(151,'1','Order: 1 ',2,'[{"changed": {"fields": ["delivery"]}}]',9,1,'2018-02-23 18:27:51.183856');
INSERT INTO django_admin_log VALUES(152,'1','Order: 1 ',2,'[{"changed": {"fields": ["delivery"]}}]',9,1,'2018-02-23 18:28:08.622362');
INSERT INTO django_admin_log VALUES(153,'1','Order: 1 ',2,'[{"changed": {"fields": ["delivery"]}}]',9,1,'2018-02-23 18:29:33.509578');
INSERT INTO django_admin_log VALUES(154,'1','Order: 1 ',2,'[{"changed": {"fields": ["delivery"]}}, {"changed": {"name": "Selected Product", "object": "Selected Product: Apple iPhone 7 32GB Black", "fields": ["number"]}}]',9,1,'2018-02-23 18:30:30.346192');
INSERT INTO django_admin_log VALUES(155,'1','Order: 1 ',2,'[{"changed": {"fields": ["delivery"]}}]',9,1,'2018-02-23 18:32:05.688787');
INSERT INTO django_admin_log VALUES(156,'1','Order: 1 ',2,'[]',9,1,'2018-02-23 18:32:18.519349');
INSERT INTO django_admin_log VALUES(157,'1','Order: 1 ',2,'[{"changed": {"name": "Selected Product", "object": "Selected Product: Apple iPhone 7 32GB Black", "fields": ["number"]}}]',9,1,'2018-02-23 18:32:51.550444');
INSERT INTO django_admin_log VALUES(158,'1','Order: 1 ',2,'[{"changed": {"fields": ["delivery"]}}, {"changed": {"name": "Selected Product", "object": "Selected Product: Apple iPhone 7 Plus 32GB Black", "fields": ["number"]}}]',9,1,'2018-02-23 18:33:13.484923');
INSERT INTO django_admin_log VALUES(159,'1','Order: 1 ',2,'[{"changed": {"name": "Selected Product", "object": "Selected Product: Apple iPhone 7 Plus 32GB Black", "fields": ["number"]}}]',9,1,'2018-02-23 18:36:21.988687');
INSERT INTO django_admin_log VALUES(160,'1','Order: 1 ',2,'[{"changed": {"fields": ["delivery"]}}]',9,1,'2018-02-23 18:41:23.031986');
INSERT INTO django_admin_log VALUES(161,'1','Order: 1 ',2,'[{"changed": {"fields": ["delivery"]}}]',9,1,'2018-02-23 18:43:22.858178');
INSERT INTO django_admin_log VALUES(162,'1','Order: 1 ',2,'[{"changed": {"fields": ["delivery"]}}]',9,1,'2018-02-23 18:44:05.333694');
INSERT INTO django_admin_log VALUES(163,'1','Order: 1 ',2,'[{"changed": {"fields": ["delivery"]}}]',9,1,'2018-02-23 18:45:10.456356');
INSERT INTO django_admin_log VALUES(164,'1','Order: 1 ',2,'[{"changed": {"fields": ["delivery"]}}]',9,1,'2018-02-23 18:46:47.555351');
INSERT INTO django_admin_log VALUES(165,'1','Order: 1 ',2,'[{"changed": {"fields": ["delivery"]}}]',9,1,'2018-02-23 18:54:49.136586');
INSERT INTO django_admin_log VALUES(166,'1','Order: 1 ',2,'[{"changed": {"fields": ["delivery"]}}]',9,1,'2018-02-23 18:55:58.048885');
INSERT INTO django_admin_log VALUES(167,'1','Order: 1 ',2,'[{"changed": {"fields": ["delivery"]}}]',9,1,'2018-02-23 18:57:00.758682');
INSERT INTO django_admin_log VALUES(168,'1','Order: 1 ',2,'[{"changed": {"fields": ["delivery"]}}]',9,1,'2018-02-23 18:57:19.490049');
INSERT INTO django_admin_log VALUES(169,'1','Order: 1 ',2,'[{"changed": {"fields": ["delivery"]}}]',9,1,'2018-02-23 18:58:17.028900');
INSERT INTO django_admin_log VALUES(170,'1','Order: 1 ',2,'[{"changed": {"fields": ["delivery"]}}]',9,1,'2018-02-23 18:59:55.360530');
INSERT INTO django_admin_log VALUES(171,'1','Order: 1 ',2,'[{"changed": {"fields": ["delivery"]}}]',9,1,'2018-02-23 19:06:14.214859');
INSERT INTO django_admin_log VALUES(172,'1','Order: 1 ',2,'[{"changed": {"fields": ["delivery"]}}]',9,1,'2018-02-23 19:07:35.140720');
INSERT INTO django_admin_log VALUES(173,'1','Order: 1 ',2,'[{"changed": {"fields": ["delivery"]}}]',9,1,'2018-02-23 19:08:50.171029');
INSERT INTO django_admin_log VALUES(174,'1','Order: 1 ',2,'[{"changed": {"name": "Selected Product", "fields": ["number"], "object": "Selected Product: Apple iPhone 7 32GB Black"}}]',9,1,'2018-02-23 19:09:11.128143');
INSERT INTO django_admin_log VALUES(175,'1','Order: 1 ',2,'[{"changed": {"fields": ["delivery"]}}, {"changed": {"name": "Selected Product", "fields": ["number"], "object": "Selected Product: Apple iPhone 7 32GB Black"}}]',9,1,'2018-02-23 19:09:43.771119');
INSERT INTO django_admin_log VALUES(176,'1','Order: 1 ',2,'[{"changed": {"fields": ["delivery"]}}]',9,1,'2018-02-23 19:13:18.897828');
INSERT INTO django_admin_log VALUES(177,'1','Order: 1 ',2,'[{"changed": {"fields": ["delivery"]}}]',9,1,'2018-02-23 19:24:07.383807');
INSERT INTO django_admin_log VALUES(178,'1','Order: 1 ',2,'[{"changed": {"fields": ["delivery"]}}]',9,1,'2018-02-23 19:29:43.740825');
INSERT INTO django_admin_log VALUES(179,'1','Order: 1 ',2,'[{"added": {"name": "Delivery", "object": "Delivery: To the house"}}]',9,1,'2018-02-23 19:56:53.556079');
INSERT INTO django_admin_log VALUES(180,'1','Order: 1 ',2,'[{"changed": {"name": "Delivery", "object": "Delivery: By mail", "fields": ["delivery"]}}]',9,1,'2018-02-23 19:57:50.135115');
INSERT INTO django_admin_log VALUES(181,'1','Order: 1 ',2,'[{"changed": {"fields": ["delivery"], "object": "Delivery: To the house", "name": "Delivery"}}]',9,1,'2018-02-23 20:00:35.298570');
INSERT INTO django_admin_log VALUES(182,'1','Order: 1 ',2,'[{"changed": {"fields": ["delivery"], "object": "Delivery: By mail", "name": "Delivery"}}]',9,1,'2018-02-23 20:00:48.481765');
INSERT INTO django_admin_log VALUES(183,'1','Order: 1 ',2,'[{"changed": {"fields": ["delivery"]}}]',9,1,'2018-02-23 20:16:13.389095');
INSERT INTO django_admin_log VALUES(184,'1','Order: 1 ',2,'[{"added": {"name": "Delivery", "object": "Delivery: To the house"}}]',9,1,'2018-02-23 22:36:23.798075');
INSERT INTO django_admin_log VALUES(185,'1','Order: 1 ',2,'[]',9,1,'2018-02-23 22:41:12.881720');
INSERT INTO django_admin_log VALUES(186,'1','Order: 1 ',2,'[]',9,1,'2018-02-23 22:43:13.847121');
INSERT INTO django_admin_log VALUES(187,'2','Order: 2 ',2,'[{"added": {"name": "Delivery Product", "object": "Delivery Type: By mail"}}]',9,1,'2018-02-23 22:45:17.623287');
INSERT INTO django_admin_log VALUES(188,'1','Order: 1 ',2,'[{"changed": {"fields": ["delivery"], "name": "Delivery Product", "object": "Delivery Type: By mail"}}]',9,1,'2018-02-23 22:45:29.121266');
INSERT INTO django_admin_log VALUES(189,'2','Order: 2 ',2,'[{"changed": {"fields": ["delivery"], "name": "Delivery Product", "object": "Delivery Type: To the house"}}]',9,1,'2018-02-23 22:45:49.987543');
INSERT INTO django_admin_log VALUES(190,'2','Order: 2 ',2,'[{"changed": {"fields": ["delivery"], "name": "Delivery Product", "object": "Delivery Type: By mail"}}]',9,1,'2018-02-23 22:46:36.496286');
INSERT INTO django_admin_log VALUES(191,'1','Order: 1 ',2,'[{"changed": {"fields": ["delivery"], "name": "Delivery Product", "object": "Delivery Type: To the house"}}]',9,1,'2018-02-23 22:46:47.332915');
INSERT INTO django_admin_log VALUES(192,'20','Order: 20 ',2,'[]',9,1,'2018-02-25 20:15:50.824609');
INSERT INTO django_admin_log VALUES(193,'20','Order: 20 ',2,'[]',9,1,'2018-02-25 20:15:59.313110');
INSERT INTO django_admin_log VALUES(194,'19','Order: 19 ',3,'',9,1,'2018-02-25 20:17:17.192716');
INSERT INTO django_admin_log VALUES(195,'18','Order: 18 ',3,'',9,1,'2018-02-25 20:17:17.288811');
INSERT INTO django_admin_log VALUES(196,'17','Order: 17 ',3,'',9,1,'2018-02-25 20:17:17.376906');
INSERT INTO django_admin_log VALUES(197,'16','Order: 16 ',3,'',9,1,'2018-02-25 20:17:17.467011');
INSERT INTO django_admin_log VALUES(198,'15','Order: 15 ',3,'',9,1,'2018-02-25 20:17:17.555104');
INSERT INTO django_admin_log VALUES(199,'14','Order: 14 ',3,'',9,1,'2018-02-25 20:17:17.644205');
INSERT INTO django_admin_log VALUES(200,'20','Order: 20 ',2,'[{"changed": {"object": "Delivery Type: By mail", "fields": ["delivery"], "name": "Delivery Product"}}]',9,1,'2018-02-25 20:17:32.818293');
INSERT INTO django_admin_log VALUES(201,'21','Order: 21 ',1,'[{"added": {}}, {"added": {"object": "Delivery Type: To the house", "name": "Delivery Product"}}, {"added": {"object": "Selected Product: Apple iPhone 7 32GB Black", "name": "Selected Product"}}]',9,1,'2018-02-25 20:18:58.775987');
INSERT INTO django_admin_log VALUES(202,'21','Order: 21 ',2,'[{"changed": {"object": "Delivery Type: By mail", "fields": ["delivery"], "name": "Delivery Product"}}]',9,1,'2018-02-25 20:27:59.693444');
INSERT INTO django_admin_log VALUES(203,'21','Order: 21 ',2,'[{"changed": {"object": "Delivery Type: To the house", "fields": ["delivery"], "name": "Delivery Product"}}]',9,1,'2018-02-25 20:28:08.467317');
INSERT INTO django_admin_log VALUES(204,'21','Order: 21 ',2,'[{"changed": {"object": "Delivery Type: By mail", "fields": ["delivery"], "name": "Delivery Product"}}]',9,1,'2018-02-25 20:28:17.765774');
INSERT INTO django_admin_log VALUES(205,'22','Order: 22 ',1,'[{"added": {}}, {"added": {"object": "Delivery Type: To the house", "name": "Delivery Product"}}, {"added": {"object": "Selected Product: Apple iPhone 7 Plus 32GB Black", "name": "Selected Product"}}]',9,1,'2018-02-25 20:29:43.880858');
INSERT INTO django_admin_log VALUES(206,'23','Order: 23 ',1,'[{"added": {}}, {"added": {"object": "Delivery Type: To the house", "name": "Delivery Product"}}, {"added": {"object": "Selected Product: Apple iPhone 7 Plus 32GB Black", "name": "Selected Product"}}]',9,1,'2018-02-25 20:29:44.316360');
INSERT INTO django_admin_log VALUES(207,'23','Order: 23 ',2,'[{"changed": {"name": "Delivery Product", "object": "Delivery Type: By mail", "fields": ["delivery"]}}]',9,1,'2018-02-25 20:30:23.482424');
INSERT INTO django_admin_log VALUES(208,'23','Order: 23 ',2,'[{"changed": {"name": "Delivery Product", "object": "Delivery Type: To the house", "fields": ["delivery"]}}]',9,1,'2018-02-25 20:30:37.643344');
INSERT INTO django_admin_log VALUES(209,'23','Order: 23 ',2,'[{"changed": {"object": "Delivery Type: By mail", "name": "Delivery Product", "fields": ["delivery"]}}]',9,1,'2018-02-25 20:31:24.935526');
INSERT INTO django_admin_log VALUES(210,'23','Order: 23 ',2,'[{"changed": {"object": "Delivery Type: To the house", "name": "Delivery Product", "fields": ["delivery"]}}]',9,1,'2018-02-25 20:31:33.848551');
INSERT INTO django_admin_log VALUES(211,'23','Order: 23 ',2,'[{"changed": {"fields": ["delivery"], "name": "Delivery Product", "object": "Delivery Type: By mail"}}]',9,1,'2018-02-25 20:32:08.740819');
INSERT INTO django_admin_log VALUES(212,'23','Order: 23 ',2,'[{"changed": {"fields": ["delivery"], "name": "Delivery Product", "object": "Delivery Type: To the house"}}]',9,1,'2018-02-25 20:32:23.376397');
INSERT INTO django_admin_log VALUES(213,'23','Order: 23 ',2,'[{"changed": {"fields": ["delivery"], "name": "Delivery Product", "object": "Delivery Type: By mail"}}]',9,1,'2018-02-25 20:32:46.919900');
INSERT INTO django_admin_log VALUES(214,'23','Order: 23 ',2,'[{"changed": {"fields": ["delivery"], "name": "Delivery Product", "object": "Delivery Type: To the house"}}]',9,1,'2018-02-25 20:32:58.792255');
INSERT INTO django_admin_log VALUES(215,'23','Order: 23 ',2,'[{"changed": {"fields": ["delivery"], "object": "Delivery Type: By mail", "name": "Delivery Product"}}]',9,1,'2018-02-25 20:33:58.038904');
INSERT INTO django_admin_log VALUES(216,'23','Order: 23 ',2,'[{"changed": {"fields": ["delivery"], "object": "Delivery Type: To the house", "name": "Delivery Product"}}]',9,1,'2018-02-25 20:34:04.692371');
INSERT INTO django_admin_log VALUES(217,'23','Order: 23 ',2,'[{"changed": {"fields": ["delivery"], "object": "Delivery Type: By mail", "name": "Delivery Product"}}]',9,1,'2018-02-25 20:34:11.013490');
INSERT INTO django_admin_log VALUES(218,'24','Order: 24 ',1,'[{"added": {}}, {"added": {"object": "Delivery Type: To the house", "name": "Delivery Product"}}, {"added": {"object": "Selected Product: MacBook Pro 13-inch - Space Grey", "name": "Selected Product"}}]',9,1,'2018-02-25 20:35:26.501414');
INSERT INTO django_admin_log VALUES(219,'24','Order: 24 ',3,'',9,1,'2018-02-25 20:37:46.497896');
INSERT INTO django_admin_log VALUES(220,'25','Order: 25 ',1,'[{"added": {}}, {"added": {"object": "Delivery Type: To the house", "name": "Delivery Product"}}, {"added": {"object": "Selected Product: Apple iPhone 7 Plus 32GB Black", "name": "Selected Product"}}]',9,1,'2018-02-25 20:42:44.423030');
INSERT INTO django_admin_log VALUES(221,'26','Order: 26 ',1,'[{"added": {}}, {"added": {"object": "Delivery Type: By mail", "name": "Delivery Product"}}, {"added": {"object": "Selected Product: Apple iPhone 7 32GB Black", "name": "Selected Product"}}]',9,1,'2018-02-25 20:43:15.664156');
INSERT INTO django_admin_log VALUES(222,'27','Order: 27 ',2,'[]',9,1,'2018-02-26 13:55:25.941589');
INSERT INTO django_admin_log VALUES(223,'27','Order: 27 ',3,'',9,1,'2018-02-26 14:07:55.255581');
INSERT INTO django_admin_log VALUES(224,'26','Order: 26 ',2,'[{"added": {"object": "Selected Product: Apple iPhone 7 Plus 32GB Black", "name": "Selected Product"}}]',9,1,'2018-02-26 14:33:42.580155');
INSERT INTO django_admin_log VALUES(225,'28','Order: 28 ',2,'[{"added": {"object": "Selected Product: MacBook Pro 13-inch - Space Grey", "name": "Selected Product"}}]',9,1,'2018-02-26 14:34:33.156036');
INSERT INTO django_admin_log VALUES(226,'32','Order: 32 ',1,'[{"added": {}}, {"added": {"object": "Delivery Type: To the house", "name": "Delivery Product"}}, {"added": {"object": "Selected Product: Apple iPhone 7 Plus 32GB Black", "name": "Selected Product"}}]',9,1,'2018-02-26 14:42:54.275745');
INSERT INTO django_admin_log VALUES(227,'32','Order: 32 ',2,'[]',9,1,'2018-02-26 14:43:04.787573');
INSERT INTO django_admin_log VALUES(228,'32','Order: 32 ',2,'[{"added": {"object": "Selected Product: Apple iPhone 7 32GB Black", "name": "Selected Product"}}]',9,1,'2018-02-26 14:43:15.522647');
INSERT INTO django_admin_log VALUES(229,'34','Order: 34 ',2,'[]',9,1,'2018-03-01 00:28:11.843541');
CREATE TABLE IF NOT EXISTS "django_content_type" ("id" integer NOT NULL PRIMARY KEY AUTOINCREMENT, "app_label" varchar(100) NOT NULL, "model" varchar(100) NOT NULL);
INSERT INTO django_content_type VALUES(1,'admin','logentry');
INSERT INTO django_content_type VALUES(2,'auth','permission');
INSERT INTO django_content_type VALUES(3,'auth','user');
INSERT INTO django_content_type VALUES(4,'auth','group');
INSERT INTO django_content_type VALUES(5,'contenttypes','contenttype');
INSERT INTO django_content_type VALUES(6,'sessions','session');
INSERT INTO django_content_type VALUES(7,'land','sabscriber');
INSERT INTO django_content_type VALUES(8,'orders','status');
INSERT INTO django_content_type VALUES(9,'orders','order');
INSERT INTO django_content_type VALUES(10,'orders','productinorder');
INSERT INTO django_content_type VALUES(11,'products','product');
INSERT INTO django_content_type VALUES(12,'products','productimage');
INSERT INTO django_content_type VALUES(13,'orders','delivery');
INSERT INTO django_content_type VALUES(14,'orders','statusdelivery');
INSERT INTO django_content_type VALUES(15,'products','category');
INSERT INTO django_content_type VALUES(16,'orders','productinbasket');
INSERT INTO django_content_type VALUES(17,'orders','deliveryinorder');
CREATE TABLE IF NOT EXISTS "auth_permission" ("id" integer NOT NULL PRIMARY KEY AUTOINCREMENT, "content_type_id" integer NOT NULL REFERENCES "django_content_type" ("id"), "codename" varchar(100) NOT NULL, "name" varchar(255) NOT NULL);
INSERT INTO auth_permission VALUES(1,1,'add_logentry','Can add log entry');
INSERT INTO auth_permission VALUES(2,1,'change_logentry','Can change log entry');
INSERT INTO auth_permission VALUES(3,1,'delete_logentry','Can delete log entry');
INSERT INTO auth_permission VALUES(4,2,'add_permission','Can add permission');
INSERT INTO auth_permission VALUES(5,2,'change_permission','Can change permission');
INSERT INTO auth_permission VALUES(6,2,'delete_permission','Can delete permission');
INSERT INTO auth_permission VALUES(7,3,'add_user','Can add user');
INSERT INTO auth_permission VALUES(8,3,'change_user','Can change user');
INSERT INTO auth_permission VALUES(9,3,'delete_user','Can delete user');
INSERT INTO auth_permission VALUES(10,4,'add_group','Can add group');
INSERT INTO auth_permission VALUES(11,4,'change_group','Can change group');
INSERT INTO auth_permission VALUES(12,4,'delete_group','Can delete group');
INSERT INTO auth_permission VALUES(13,5,'add_contenttype','Can add content type');
INSERT INTO auth_permission VALUES(14,5,'change_contenttype','Can change content type');
INSERT INTO auth_permission VALUES(15,5,'delete_contenttype','Can delete content type');
INSERT INTO auth_permission VALUES(16,6,'add_session','Can add session');
INSERT INTO auth_permission VALUES(17,6,'change_session','Can change session');
INSERT INTO auth_permission VALUES(18,6,'delete_session','Can delete session');
INSERT INTO auth_permission VALUES(19,7,'add_sabscriber','Can add sabscriber');
INSERT INTO auth_permission VALUES(20,7,'change_sabscriber','Can change sabscriber');
INSERT INTO auth_permission VALUES(21,7,'delete_sabscriber','Can delete sabscriber');
INSERT INTO auth_permission VALUES(22,8,'add_status','Can add Status Order');
INSERT INTO auth_permission VALUES(23,8,'change_status','Can change Status Order');
INSERT INTO auth_permission VALUES(24,8,'delete_status','Can delete Status Order');
INSERT INTO auth_permission VALUES(25,9,'add_order','Can add Order');
INSERT INTO auth_permission VALUES(26,9,'change_order','Can change Order');
INSERT INTO auth_permission VALUES(27,9,'delete_order','Can delete Order');
INSERT INTO auth_permission VALUES(28,10,'add_productinorder','Can add Order');
INSERT INTO auth_permission VALUES(29,10,'change_productinorder','Can change Order');
INSERT INTO auth_permission VALUES(30,10,'delete_productinorder','Can delete Order');
INSERT INTO auth_permission VALUES(31,11,'add_product','Can add Product');
INSERT INTO auth_permission VALUES(32,11,'change_product','Can change Product');
INSERT INTO auth_permission VALUES(33,11,'delete_product','Can delete Product');
INSERT INTO auth_permission VALUES(34,12,'add_productimage','Can add Product Image');
INSERT INTO auth_permission VALUES(35,12,'change_productimage','Can change Product Image');
INSERT INTO auth_permission VALUES(36,12,'delete_productimage','Can delete Product Image');
INSERT INTO auth_permission VALUES(37,13,'add_delivery','Can add Delivery');
INSERT INTO auth_permission VALUES(38,13,'change_delivery','Can change Delivery');
INSERT INTO auth_permission VALUES(39,13,'delete_delivery','Can delete Delivery');
INSERT INTO auth_permission VALUES(40,14,'add_statusdelivery','Can add Status Delivery');
INSERT INTO auth_permission VALUES(41,14,'change_statusdelivery','Can change Status Delivery');
INSERT INTO auth_permission VALUES(42,14,'delete_statusdelivery','Can delete Status Delivery');
INSERT INTO auth_permission VALUES(43,15,'add_category','Can add category');
INSERT INTO auth_permission VALUES(44,15,'change_category','Can change category');
INSERT INTO auth_permission VALUES(45,15,'delete_category','Can delete category');
INSERT INTO auth_permission VALUES(46,16,'add_productinbasket','Can add Product In Basket');
INSERT INTO auth_permission VALUES(47,16,'change_productinbasket','Can change Product In Basket');
INSERT INTO auth_permission VALUES(48,16,'delete_productinbasket','Can delete Product In Basket');
INSERT INTO auth_permission VALUES(49,17,'add_deliveryinorder','Can add Delivery');
INSERT INTO auth_permission VALUES(50,17,'change_deliveryinorder','Can change Delivery');
INSERT INTO auth_permission VALUES(51,17,'delete_deliveryinorder','Can delete Delivery');
CREATE TABLE IF NOT EXISTS "auth_user" ("id" integer NOT NULL PRIMARY KEY AUTOINCREMENT, "password" varchar(128) NOT NULL, "last_login" datetime NULL, "is_superuser" bool NOT NULL, "first_name" varchar(30) NOT NULL, "last_name" varchar(30) NOT NULL, "email" varchar(254) NOT NULL, "is_staff" bool NOT NULL, "is_active" bool NOT NULL, "date_joined" datetime NOT NULL, "username" varchar(150) NOT NULL UNIQUE);
INSERT INTO auth_user VALUES(1,'pbkdf2_sha256$36000$70KF2hOZh1Gl$1X6OFcrMCzvjxpf6G3a4NZCoiTR07ttn3sKQwROTGFo=','2018-02-20 23:53:36.180667',1,'','','root@gmail.com',1,1,'2017-11-21 22:43:05.388668','root');
INSERT INTO auth_user VALUES(2,'',NULL,0,'Test','','',0,1,'2018-02-16 21:56:25.090740','123456');
INSERT INTO auth_user VALUES(3,'',NULL,0,'fdcxz','','',0,1,'2018-02-16 22:27:20.596387','bnm');
INSERT INTO auth_user VALUES(4,'',NULL,0,'Test Name','','',0,1,'2018-02-17 13:00:32.305602','1234566');
INSERT INTO auth_user VALUES(5,'',NULL,0,'User','','',0,1,'2018-02-17 13:17:51.433221','1234567');
INSERT INTO auth_user VALUES(6,'',NULL,0,'dfgh','','',0,1,'2018-02-17 16:51:01.938900','nbnm');
INSERT INTO auth_user VALUES(7,'',NULL,0,'Name test','','',0,1,'2018-02-17 23:45:31.724487','123454321');
INSERT INTO auth_user VALUES(8,'',NULL,0,'name','','',0,1,'2018-02-19 15:16:48.752513','65432123');
INSERT INTO auth_user VALUES(9,'',NULL,0,'Username','','',0,1,'2018-02-25 19:57:53.447364','1233210123');
INSERT INTO auth_user VALUES(10,'',NULL,0,'address','','',0,1,'2018-02-26 13:53:44.988007','653421');
INSERT INTO auth_user VALUES(11,'',NULL,0,'delivery_type','','',0,1,'2018-02-26 14:36:26.348375','44223311');
INSERT INTO auth_user VALUES(12,'',NULL,0,'address','','',0,1,'2018-02-26 14:46:36.051222','6524312');
INSERT INTO auth_user VALUES(13,'',NULL,0,'address','','',0,1,'2018-03-01 00:27:31.993714','1 332 452 53 54');
INSERT INTO auth_user VALUES(14,'',NULL,0,'delivery_type','','',0,1,'2018-03-01 01:41:15.966217','1 234 532 13 54');
CREATE TABLE IF NOT EXISTS "land_sabscriber" ("id" integer NOT NULL PRIMARY KEY AUTOINCREMENT, "sabscriber_name" varchar(200) NOT NULL, "sabscriber_email" varchar(254) NOT NULL);
INSERT INTO land_sabscriber VALUES(1,'user','user@gmail.com');
INSERT INTO land_sabscriber VALUES(2,'name','name@gmail.com');
CREATE TABLE IF NOT EXISTS "django_session" ("session_key" varchar(40) NOT NULL PRIMARY KEY, "session_data" text NOT NULL, "expire_date" datetime NOT NULL);
INSERT INTO django_session VALUES('xmmcfqqexfpdhcer2dwaolwbx6if6e17','ZTZkM2RkYmVjZTc5YTliMTc1YWI2MjRhYmE1ZmE4ZDAxMGRjOWFjNjp7Il9hdXRoX3VzZXJfYmFja2VuZCI6ImRqYW5nby5jb250cmliLmF1dGguYmFja2VuZHMuTW9kZWxCYWNrZW5kIiwiX2F1dGhfdXNlcl9oYXNoIjoiYTE4YTczNTM3NmYwZTNkYWFmMThjYzZkODY5OWUyNjI4ZDA2ZTAxMiIsIl9hdXRoX3VzZXJfaWQiOiIxIn0=','2017-12-05 22:43:46.257976');
INSERT INTO django_session VALUES('un5phwzx289homzcuxaxy62uwbmbdc63','NzE5OWYzOWNjMDBiNWJhODBmZTMwMDAwNjYwZTIyZDRlNDlkN2Q0NDp7Il9hdXRoX3VzZXJfYmFja2VuZCI6ImRqYW5nby5jb250cmliLmF1dGguYmFja2VuZHMuTW9kZWxCYWNrZW5kIiwiX2F1dGhfdXNlcl9pZCI6IjEiLCJfYXV0aF91c2VyX2hhc2giOiJhMThhNzM1Mzc2ZjBlM2RhYWYxOGNjNmQ4Njk5ZTI2MjhkMDZlMDEyIn0=','2018-01-17 17:43:32.135816');
INSERT INTO django_session VALUES('qtnnl90xa6yfob8aixoxp3xelkd4r04f','ODQ1MDgxOTkxNjAzOTAwOWM4ZjdkZGJhZGQzZTBhMWIyZTFiZmNkZDp7Il9hdXRoX3VzZXJfaGFzaCI6ImExOGE3MzUzNzZmMGUzZGFhZjE4Y2M2ZDg2OTllMjYyOGQwNmUwMTIiLCJfYXV0aF91c2VyX2lkIjoiMSIsIl9hdXRoX3VzZXJfYmFja2VuZCI6ImRqYW5nby5jb250cmliLmF1dGguYmFja2VuZHMuTW9kZWxCYWNrZW5kIn0=','2018-02-05 20:21:17.752556');
INSERT INTO django_session VALUES('vbxu44bzm81tco25opmlt5azmfjb8vd6','Yzg4M2UxMmUwZmU4MTk4N2M2ODRkNjZmZjFjYmE3Yzg2NDdhZDUxOTp7Il9hdXRoX3VzZXJfaGFzaCI6ImExOGE3MzUzNzZmMGUzZGFhZjE4Y2M2ZDg2OTllMjYyOGQwNmUwMTIiLCJfYXV0aF91c2VyX2JhY2tlbmQiOiJkamFuZ28uY29udHJpYi5hdXRoLmJhY2tlbmRzLk1vZGVsQmFja2VuZCIsIl9hdXRoX3VzZXJfaWQiOiIxIn0=','2018-02-19 21:09:51.874227');
INSERT INTO django_session VALUES('lnvuap68rmn1zoqbn472laq1137ge0qb','Yzg4M2UxMmUwZmU4MTk4N2M2ODRkNjZmZjFjYmE3Yzg2NDdhZDUxOTp7Il9hdXRoX3VzZXJfaGFzaCI6ImExOGE3MzUzNzZmMGUzZGFhZjE4Y2M2ZDg2OTllMjYyOGQwNmUwMTIiLCJfYXV0aF91c2VyX2JhY2tlbmQiOiJkamFuZ28uY29udHJpYi5hdXRoLmJhY2tlbmRzLk1vZGVsQmFja2VuZCIsIl9hdXRoX3VzZXJfaWQiOiIxIn0=','2018-03-06 23:53:36.258759');
CREATE TABLE IF NOT EXISTS "orders_status" ("id" integer NOT NULL PRIMARY KEY AUTOINCREMENT, "status_name" varchar(32) NULL, "is_active" bool NOT NULL, "created" datetime NOT NULL, "updated" datetime NOT NULL);
INSERT INTO orders_status VALUES(1,'New',1,'2018-01-03 20:39:09.512190','2018-01-03 20:39:09.512190');
INSERT INTO orders_status VALUES(2,'Іs processed',1,'2018-01-04 00:28:48.753897','2018-01-04 00:28:48.753897');
INSERT INTO orders_status VALUES(3,'Сanceled',1,'2018-01-04 00:29:53.239074','2018-01-04 00:29:53.239074');
INSERT INTO orders_status VALUES(4,'Сompleted',1,'2018-01-04 00:30:19.735846','2018-01-04 00:30:19.735846');
CREATE TABLE IF NOT EXISTS "orders_productinorder" ("id" integer NOT NULL PRIMARY KEY AUTOINCREMENT, "product_status" bool NOT NULL, "created" datetime NOT NULL, "updated" datetime NOT NULL, "order_id" integer NULL REFERENCES "orders_order" ("id"), "product_id" integer NULL REFERENCES "products_product" ("id"), "number" integer NULL, "price_all" decimal NOT NULL, "price_for_one" decimal NOT NULL);
INSERT INTO orders_productinorder VALUES(1,1,'2018-01-03 20:39:09.510159','2018-02-23 19:09:43.763118',1,1,2,1099.9800000000000181,549.99000000000000908);
INSERT INTO orders_productinorder VALUES(2,1,'2018-01-03 22:06:20.333640','2018-02-23 18:36:21.972685',1,2,1,569.49000000000000909,569.49000000000000909);
INSERT INTO orders_productinorder VALUES(3,1,'2018-01-04 01:41:09.361055','2018-01-05 01:49:26.293305',2,1,1,549.99000000000000908,549.99000000000000908);
INSERT INTO orders_productinorder VALUES(4,1,'2018-01-04 01:41:09.403105','2018-01-05 01:04:03.002895',2,2,2,1339.9800000000000181,669.9900000000000091);
INSERT INTO orders_productinorder VALUES(5,1,'2018-02-17 12:30:41.002096','2018-02-17 12:30:41.002096',NULL,3,1,1643.4900000000000091,1643.4900000000000091);
INSERT INTO orders_productinorder VALUES(6,1,'2018-02-17 12:31:44.256859','2018-02-17 12:31:44.256859',7,3,1,1643.4900000000000091,1643.4900000000000091);
INSERT INTO orders_productinorder VALUES(7,1,'2018-02-17 12:31:44.452908','2018-02-17 12:31:44.452908',7,1,2,1099.9800000000000181,549.99000000000000908);
INSERT INTO orders_productinorder VALUES(8,1,'2018-02-17 12:51:48.188848','2018-02-17 12:51:48.188848',8,3,1,1643.4900000000000091,1643.4900000000000091);
INSERT INTO orders_productinorder VALUES(9,1,'2018-02-17 12:51:48.484897','2018-02-17 12:51:48.484897',8,1,3,1649.9700000000000273,549.99000000000000908);
INSERT INTO orders_productinorder VALUES(10,1,'2018-02-17 13:00:32.845668','2018-02-17 13:00:32.845668',9,3,1,1643.4900000000000091,1643.4900000000000091);
INSERT INTO orders_productinorder VALUES(11,1,'2018-02-17 13:00:33.165722','2018-02-17 13:00:33.165722',9,1,3,1649.9700000000000273,549.99000000000000908);
INSERT INTO orders_productinorder VALUES(12,1,'2018-02-17 13:17:52.057345','2018-02-17 13:17:52.057345',10,2,1,569.49000000000000909,569.49000000000000909);
INSERT INTO orders_productinorder VALUES(13,1,'2018-02-17 13:17:52.341390','2018-02-17 13:17:52.341390',10,3,1,1643.4900000000000091,1643.4900000000000091);
INSERT INTO orders_productinorder VALUES(14,1,'2018-02-17 16:51:02.466987','2018-02-17 16:51:02.466987',11,1,2,1099.9800000000000181,549.99000000000000908);
INSERT INTO orders_productinorder VALUES(15,1,'2018-02-17 23:45:32.301146','2018-02-17 23:45:32.301146',12,1,14,7699.8599999999996724,549.99000000000000908);
INSERT INTO orders_productinorder VALUES(16,1,'2018-02-17 23:45:32.636511','2018-02-17 23:45:32.636511',12,2,6,3416.9400000000000544,569.49000000000000909);
INSERT INTO orders_productinorder VALUES(17,1,'2018-02-17 23:45:32.954888','2018-02-17 23:45:32.954888',12,3,3,4930.4700000000002547,1643.4900000000000091);
INSERT INTO orders_productinorder VALUES(18,1,'2018-02-19 15:16:49.457307','2018-02-19 15:16:49.457307',13,2,2,1138.9800000000000182,569.49000000000000909);
INSERT INTO orders_productinorder VALUES(19,1,'2018-02-19 15:16:49.790681','2018-02-19 15:16:49.790681',13,3,1,1643.4900000000000091,1643.4900000000000091);
INSERT INTO orders_productinorder VALUES(20,1,'2018-02-19 15:16:50.056981','2018-02-19 15:16:50.056981',13,1,1,549.99000000000000908,549.99000000000000908);
INSERT INTO orders_productinorder VALUES(21,1,'2018-02-25 20:14:53.918531','2018-02-25 20:14:53.918531',20,3,1,1643.4900000000000091,1643.4900000000000091);
INSERT INTO orders_productinorder VALUES(22,1,'2018-02-25 20:18:58.773984','2018-02-25 20:18:58.773984',21,1,1,549.99000000000000908,549.99000000000000908);
INSERT INTO orders_productinorder VALUES(23,1,'2018-02-25 20:29:43.877845','2018-02-25 20:29:43.877845',22,2,1,569.49000000000000909,569.49000000000000909);
INSERT INTO orders_productinorder VALUES(24,1,'2018-02-25 20:29:44.313336','2018-02-25 20:29:44.313336',23,2,1,569.49000000000000909,569.49000000000000909);
INSERT INTO orders_productinorder VALUES(26,1,'2018-02-25 20:42:44.419007','2018-02-25 20:42:44.419007',25,2,1,569.49000000000000909,569.49000000000000909);
INSERT INTO orders_productinorder VALUES(27,1,'2018-02-25 20:43:15.660150','2018-02-25 20:43:15.660150',26,1,1,549.99000000000000908,549.99000000000000908);
INSERT INTO orders_productinorder VALUES(30,1,'2018-02-26 14:09:00.549029','2018-02-26 14:09:00.549029',28,1,2,1099.9800000000000181,549.99000000000000908);
INSERT INTO orders_productinorder VALUES(31,1,'2018-02-26 14:33:42.574137','2018-02-26 14:33:42.574137',26,2,1,569.49000000000000909,569.49000000000000909);
INSERT INTO orders_productinorder VALUES(32,1,'2018-02-26 14:34:33.150101','2018-02-26 14:34:33.150101',28,3,1,1643.4900000000000091,1643.4900000000000091);
INSERT INTO orders_productinorder VALUES(33,1,'2018-02-26 14:36:27.152273','2018-02-26 14:36:27.152273',29,1,2,1099.9800000000000181,549.99000000000000908);
INSERT INTO orders_productinorder VALUES(34,1,'2018-02-26 14:36:27.661864','2018-02-26 14:36:27.661864',29,2,1,569.49000000000000909,569.49000000000000909);
INSERT INTO orders_productinorder VALUES(35,1,'2018-02-26 14:40:01.669583','2018-02-26 14:40:01.669583',30,3,1,1643.4900000000000091,1643.4900000000000091);
INSERT INTO orders_productinorder VALUES(36,1,'2018-02-26 14:42:54.271748','2018-02-26 14:42:54.272754',32,2,1,569.49000000000000909,569.49000000000000909);
INSERT INTO orders_productinorder VALUES(37,1,'2018-02-26 14:43:15.516727','2018-02-26 14:43:15.516727',32,1,1,549.99000000000000908,549.99000000000000908);
INSERT INTO orders_productinorder VALUES(38,1,'2018-02-26 14:46:36.722976','2018-02-26 14:46:36.722976',33,3,1,1643.4900000000000091,1643.4900000000000091);
INSERT INTO orders_productinorder VALUES(39,1,'2018-02-26 14:46:37.112431','2018-02-26 14:46:37.112431',33,1,1,549.99000000000000908,549.99000000000000908);
INSERT INTO orders_productinorder VALUES(40,1,'2018-03-01 00:27:32.861757','2018-03-01 00:27:32.861757',34,3,3,4930.4700000000002547,1643.4900000000000091);
INSERT INTO orders_productinorder VALUES(41,1,'2018-03-01 01:41:16.916304','2018-03-01 01:41:16.916304',35,1,2,1099.9800000000000181,549.99000000000000908);
CREATE TABLE IF NOT EXISTS "products_product" ("id" integer NOT NULL PRIMARY KEY AUTOINCREMENT, "name" varchar(64) NULL, "description" text NULL, "is_active" bool NOT NULL, "comments" text NULL, "created" datetime NOT NULL, "updated" datetime NOT NULL, "price" real NULL, "category_id" integer NULL REFERENCES "products_category" ("id"), "discount" integer NOT NULL, "discount_price" decimal NOT NULL);
INSERT INTO products_product VALUES(1,'Apple iPhone 7 32GB Black',replace(replace('Display                                                                    4.7"\r\n\r\nSize and Weight                                                     5.44 x 2.64 x 0.28 inches\r\n                                                                                  4.87 ounces\r\n\r\nOperating System and Processor                      Compatible with iOS 11\r\n                                                                                 A10 Fusion Chip\r\n\r\nBattery Life                                                            Up to 10 days\r\n                                                                                 Up to 14 hours\r\n\r\nCamera, Photos and Video                                 12MP Wide-Angle Camera\r\n                                                                                 4K Video Recording\r\n                                                                                 7MP FaceTime HD Camera\r\n\r\nMemory                                                                  32 GB\r\n\r\nConnectivity                                                          Sync methods: USB, Bluetooth, Wi-Fi 802.11a/b/g/n/ac \r\n                                                                                 with MIMO, NFC, LTE Advanced (up to 450 Mbps), Wi-Fi \r\n                                                                                Calling\r\n\r\nGPS and Apps                                                      GPS Enabled\r\n\r\nFrequency                                                             Quad Band GSM\r\n                                                                                LTE: 1, 2, 3, 4, 5, 7, 8, 12, 13, 17, 18, 19, 20, 25, 26, 41\r\n                                                                                UMTS: Band I (2100), Band II (1900), Band IV \r\n                                                                                (1700/2100), Band V (850), Band VIII (900)\r\n\r\nHearing Aid Compatibility                                  M3\r\n                                                                                T4\r\n\r\nMobile Pay                                                            Apple Pay','\r',char(13)),'\n',char(10)),1,replace(replace('iPhone 7 features a 12MP camera with 4K video and optical image stabilization, a 4.7‑inch Retina HD display with wide color gamut and 3D Touch, A10 Fusion chip for high performance, and great battery life. It’s water and dust resistant, and is compatible with iOS 11—a giant step for iPhone, and a new standard for the world’s most advanced mobile operating system.\r\n\r\nDevice purchase requires a SIM Starter Kit which will be added to your order automatically.','\r',char(13)),'\n',char(10)),'2018-01-03 19:14:15.365660','2018-02-03 13:02:17.790835',549.99000000000000908,2,0,549.99000000000000908);
INSERT INTO products_product VALUES(2,'Apple iPhone 7 Plus 32GB Black',replace(replace('Display                                                                    5.5"\r\n\r\nSize and Weight                                                     6.23 x 3.07 x 0.29 inches\r\n                                                                                  6.63 ounces\r\n\r\nOperating System and Processor                      Compatible with iOS 11\r\n                                                                                 A10 Fusion Chip\r\n\r\nBattery Life                                                            Up to 16 days\r\n                                                                                 Up to 21 hours\r\n\r\nCamera, Photos and Video                                 12MP Wide-Angle Camera\r\n                                                                                 4K Video Recording\r\n                                                                                 7MP FaceTime HD Camera\r\n\r\nMemory                                                                  32 GB\r\n\r\nConnectivity                                                          Sync methods: USB, Bluetooth, Wi-Fi 802.11a/b/g/n/ac \r\n                                                                                 with MIMO, NFC, LTE Advanced (up to 450 Mbps), Wi-Fi \r\n                                                                                Calling\r\n\r\nGPS and Apps                                                      GPS Enabled\r\n\r\nFrequency                                                             Quad Band GSM\r\n                                                                                LTE: 1, 2, 3, 4, 5, 7, 8, 12, 13, 17, 18, 19, 20, 25, 26, 41\r\n                                                                                UMTS: Band I (2100), Band II (1900), Band IV \r\n                                                                                (1700/2100), Band V (850), Band VIII (900)\r\n\r\nHearing Aid Compatibility                                  M3\r\n                                                                                T4\r\n\r\nMobile Pay                                                            Apple Pay','\r',char(13)),'\n',char(10)),1,replace(replace('iPhone 7 Plus features 12MP dual cameras with 4K video, optical image stabilization, and Portrait mode. A 5.5-inch Retina HD display with wide color gamut and 3D Touch. A10 Fusion chip for high performance. Great battery life. It’s water and dust resistant, and is compatible with iOS 11—a giant step for iPhone, and a new standard for the world’s most advanced mobile operating system.\r\n\r\nDevice purchase requires a SIM Starter Kit which will be added to your order automatically.','\r',char(13)),'\n',char(10)),'2018-01-03 22:05:57.462942','2018-02-03 13:02:09.506843',669.9900000000000091,2,15,569.49000000000000909);
INSERT INTO products_product VALUES(3,'MacBook Pro 13-inch - Space Grey',replace(replace('Processor                                                               2.3GHz dual-core 7th-generation Intel Core i5 processor, \r\n                                                                                 Turbo Boost up to 3.6GHz\r\n\r\nMemory                                                                   8GB 2133MHz LPDDR3 memory\r\n\r\nStorage                                                                    128GB SSD storage\r\n\r\nGraphic Processor                                                 Intel Iris Plus Graphics 640\r\n\r\nPorts                                                                        Two Thunderbolt 3 ports\r\n\r\nColor                                                                         Space Grey\r\n\r\nKeyboard Language                                              Backlit Keyboard - US English \r\n\r\nOperating System                                                  Mac OS Sierra 64 bit','\r',char(13)),'\n',char(10)),1,replace(replace('Apple takes a complete product life cycle approach to determining our environmental impact. Learn more\r\n\r\nMacBook Pro is designed with the following features to reduce its environmental impact:\r\nMercury-free LED-backlit display\r\nArsenic-free display glass\r\nBFR-free\r\nPVC-free5\r\nBeryllium-free\r\nHighly recyclable aluminum enclosure\r\nMeets ENERGY STAR 6.1 requirements\r\nRated EPEAT Gold6\r\nApple and the Environment\r\nLearn more about Apple’s dedication to reducing the environmental impact of our products and process. Or read our Product Environmental Reports for detailed information on the environmental performance of every Apple product.\r\n\r\nRecycling\r\nApple takes a holistic view of materials management and waste minimization.','\r',char(13)),'\n',char(10)),'2018-02-03 20:11:41.442933','2018-02-03 20:39:04.368420',1729.990000000000009,1,5,1643.4900000000000091);
CREATE TABLE IF NOT EXISTS "products_productimage" ("id" integer NOT NULL PRIMARY KEY AUTOINCREMENT, "is_active" bool NOT NULL, "image" varchar(100) NOT NULL, "created" datetime NOT NULL, "updated" datetime NOT NULL, "product_id" integer NULL REFERENCES "products_product" ("id"), "is_main" bool NOT NULL);
INSERT INTO products_productimage VALUES(1,1,'product_image/Apple-iPhone7-MatBlack-1-3x.jpg','2018-01-03 19:14:15.404704','2018-02-03 13:02:17.794836',1,1);
INSERT INTO products_productimage VALUES(2,1,'product_image/apple-iphone-7-matteblack-3-3x1.jpg','2018-01-03 19:14:15.409731','2018-01-03 19:14:15.409731',1,0);
INSERT INTO products_productimage VALUES(3,1,'product_image/apple-iphone-7-matteblack-2-3x.jpg','2018-01-03 19:14:15.425726','2018-01-03 19:14:15.425726',1,0);
INSERT INTO products_productimage VALUES(4,1,'product_image/apple-iphone-7-matteblack-3-3x1_1.jpg','2018-01-03 19:14:15.446750','2018-01-03 19:14:15.446750',1,0);
INSERT INTO products_productimage VALUES(5,1,'product_image/Apple-iPhone7-Plus-MatBlack-1-3x.jpg','2018-01-03 22:05:57.489972','2018-02-03 13:02:09.510846',2,1);
INSERT INTO products_productimage VALUES(6,1,'product_image/apple-iphone-7plus-matteblack-3-3x.jpg','2018-01-03 22:05:57.494978','2018-01-03 22:05:57.494978',2,0);
INSERT INTO products_productimage VALUES(7,1,'product_image/apple-iphone-7plus-matteblack-2-3x.jpg','2018-01-03 22:05:57.500985','2018-01-03 22:05:57.500985',2,0);
INSERT INTO products_productimage VALUES(8,1,'product_image/mbp13-space-gallery2-201610_ano5eWy.jpg','2018-02-03 20:11:41.476974','2018-02-03 20:39:04.403482',3,1);
INSERT INTO products_productimage VALUES(9,1,'product_image/mbp13-space-gallery1-201610.jpg','2018-02-03 20:11:41.485963','2018-02-03 20:11:41.485963',3,0);
INSERT INTO products_productimage VALUES(10,1,'product_image/mbp13-space-gallery3-201610.jpg','2018-02-03 20:11:41.489969','2018-02-03 20:11:41.489969',3,0);
INSERT INTO products_productimage VALUES(11,1,'product_image/mbp13-space-gallery4-201610.jpg','2018-02-03 20:11:41.541024','2018-02-03 20:11:41.541024',3,0);
CREATE TABLE IF NOT EXISTS "orders_productinbasket" ("id" integer NOT NULL PRIMARY KEY AUTOINCREMENT, "session_key" varchar(128) NULL, "is_active" bool NOT NULL, "price_for_one" decimal NOT NULL, "number" integer NULL, "price_all" decimal NOT NULL, "created" datetime NOT NULL, "updated" datetime NOT NULL, "order_id" integer NULL REFERENCES "orders_order" ("id"), "product_id" integer NULL REFERENCES "products_product" ("id"));
INSERT INTO orders_productinbasket VALUES(45,'vbxu44bzm81tco25opmlt5azmfjb8vd6',1,1643.4900000000000091,6,9860.9400000000005095,'2018-02-10 23:01:50.385110','2018-02-17 13:16:01.497963',9,3);
INSERT INTO orders_productinbasket VALUES(46,'vbxu44bzm81tco25opmlt5azmfjb8vd6',1,549.99000000000000908,3,1649.9700000000000273,'2018-02-10 23:02:00.335835','2018-02-17 13:00:33.033719',9,1);
INSERT INTO orders_productinbasket VALUES(48,'vbxu44bzm81tco25opmlt5azmfjb8vd6',1,569.49000000000000909,1,569.49000000000000909,'2018-02-17 13:13:36.876362','2018-02-17 13:17:51.925306',10,2);
INSERT INTO orders_productinbasket VALUES(49,'vbxu44bzm81tco25opmlt5azmfjb8vd6',1,1643.4900000000000091,1,1643.4900000000000091,'2018-02-17 13:16:59.577637','2018-02-17 13:17:52.229420',10,3);
INSERT INTO orders_productinbasket VALUES(56,'vbxu44bzm81tco25opmlt5azmfjb8vd6',1,549.99000000000000908,2,1099.9800000000000181,'2018-02-17 16:33:56.223825','2018-02-17 16:51:02.346986',11,1);
INSERT INTO orders_productinbasket VALUES(57,'vbxu44bzm81tco25opmlt5azmfjb8vd6',1,549.99000000000000908,14,7699.8599999999996724,'2018-02-17 16:58:23.763832','2018-02-17 23:45:32.159974',12,1);
INSERT INTO orders_productinbasket VALUES(58,'vbxu44bzm81tco25opmlt5azmfjb8vd6',1,569.49000000000000909,6,3416.9400000000000544,'2018-02-17 22:22:43.302502','2018-02-17 23:45:32.527387',12,2);
INSERT INTO orders_productinbasket VALUES(59,'vbxu44bzm81tco25opmlt5azmfjb8vd6',1,1643.4900000000000091,3,4930.4700000000002547,'2018-02-17 23:35:08.085208','2018-02-17 23:45:32.822740',12,3);
INSERT INTO orders_productinbasket VALUES(64,'vbxu44bzm81tco25opmlt5azmfjb8vd6',1,569.49000000000000909,2,1138.9800000000000182,'2018-02-19 14:50:31.780969','2018-02-19 15:16:49.312143',13,2);
INSERT INTO orders_productinbasket VALUES(65,'vbxu44bzm81tco25opmlt5azmfjb8vd6',1,1643.4900000000000091,1,1643.4900000000000091,'2018-02-19 14:50:48.455732','2018-02-19 15:16:49.681559',13,3);
INSERT INTO orders_productinbasket VALUES(66,'vbxu44bzm81tco25opmlt5azmfjb8vd6',1,549.99000000000000908,1,549.99000000000000908,'2018-02-19 14:50:50.507034','2018-02-19 15:16:49.943854',13,1);
INSERT INTO orders_productinbasket VALUES(67,'vbxu44bzm81tco25opmlt5azmfjb8vd6',1,549.99000000000000908,3,1649.9700000000000273,'2018-02-19 15:17:07.080132','2018-02-19 15:28:32.684366',NULL,1);
INSERT INTO orders_productinbasket VALUES(68,'vbxu44bzm81tco25opmlt5azmfjb8vd6',1,1643.4900000000000091,3,4930.4700000000002547,'2018-02-19 15:17:08.637903','2018-02-19 15:29:51.509040',NULL,3);
INSERT INTO orders_productinbasket VALUES(69,'vbxu44bzm81tco25opmlt5azmfjb8vd6',1,569.49000000000000909,3,1708.4700000000000272,'2018-02-19 15:25:21.909784','2018-02-19 15:30:18.018857',NULL,2);
INSERT INTO orders_productinbasket VALUES(72,'lnvuap68rmn1zoqbn472laq1137ge0qb',1,1643.4900000000000091,1,1643.4900000000000091,'2018-02-24 18:46:20.543975','2018-02-25 20:14:53.843463',20,3);
INSERT INTO orders_productinbasket VALUES(75,'lnvuap68rmn1zoqbn472laq1137ge0qb',1,549.99000000000000908,2,1099.9800000000000181,'2018-02-26 13:57:21.236373','2018-02-26 14:09:00.230655',28,1);
INSERT INTO orders_productinbasket VALUES(76,'lnvuap68rmn1zoqbn472laq1137ge0qb',1,549.99000000000000908,2,1099.9800000000000181,'2018-02-26 14:35:23.809036','2018-02-26 14:36:26.785859',29,1);
INSERT INTO orders_productinbasket VALUES(77,'lnvuap68rmn1zoqbn472laq1137ge0qb',1,569.49000000000000909,1,569.49000000000000909,'2018-02-26 14:35:26.030516','2018-02-26 14:36:27.342508',29,2);
INSERT INTO orders_productinbasket VALUES(78,'lnvuap68rmn1zoqbn472laq1137ge0qb',1,1643.4900000000000091,1,1643.4900000000000091,'2018-02-26 14:35:27.509199','2018-02-26 14:40:01.143009',30,3);
INSERT INTO orders_productinbasket VALUES(79,'lnvuap68rmn1zoqbn472laq1137ge0qb',1,1643.4900000000000091,1,1643.4900000000000091,'2018-02-26 14:45:43.570187','2018-02-26 14:46:36.631874',33,3);
INSERT INTO orders_productinbasket VALUES(80,'lnvuap68rmn1zoqbn472laq1137ge0qb',1,549.99000000000000908,1,549.99000000000000908,'2018-02-26 14:45:44.933718','2018-02-26 14:46:37.013303',33,1);
INSERT INTO orders_productinbasket VALUES(81,'lnvuap68rmn1zoqbn472laq1137ge0qb',1,1643.4900000000000091,3,4930.4700000000002547,'2018-02-26 14:50:16.204871','2018-03-01 00:27:32.700507',34,3);
INSERT INTO orders_productinbasket VALUES(82,'lnvuap68rmn1zoqbn472laq1137ge0qb',1,549.99000000000000908,2,1099.9800000000000181,'2018-03-01 00:30:51.257865','2018-03-01 01:41:16.824207',35,1);
INSERT INTO orders_productinbasket VALUES(128,'lnvuap68rmn1zoqbn472laq1137ge0qb',1,549.99000000000000908,1,549.99000000000000908,'2018-03-01 16:38:57.128778','2018-03-01 16:45:56.113000',NULL,1);
INSERT INTO orders_productinbasket VALUES(129,'lnvuap68rmn1zoqbn472laq1137ge0qb',1,1643.4900000000000091,1,1643.4900000000000091,'2018-03-01 16:38:58.176952','2018-03-01 16:45:56.257040',NULL,3);
CREATE TABLE IF NOT EXISTS "products_category" ("id" integer NOT NULL PRIMARY KEY AUTOINCREMENT, "category_name" varchar(64) NULL, "category_image" varchar(100) NOT NULL, "is_active" bool NOT NULL, "category_url" varchar(64) NULL);
INSERT INTO products_category VALUES(1,'Laptop','category_image/new-macbook-pro01_02112016_t4UPEgP.jpg',1,'/laptop/');
INSERT INTO products_category VALUES(2,'iPhone','category_image/apple-iphone-X-black-2-3x.jpg',1,'/iphone/');
INSERT INTO products_category VALUES(3,'iPad','category_image/iPad-pro-2018_VEPHZia.jpg',1,'/ipad/');
INSERT INTO products_category VALUES(4,'iMac','category_image/imacpro-27-retina-config-hero_7I4zmPp.jpg',1,'/imac/');
CREATE TABLE IF NOT EXISTS "orders_order" ("id" integer NOT NULL PRIMARY KEY AUTOINCREMENT, "customer_name" varchar(100) NULL, "customer_email" varchar(254) NULL, "customer_number" varchar(100) NULL, "created" datetime NOT NULL, "updated" datetime NOT NULL, "total_price" decimal NOT NULL, "status_id" integer NULL REFERENCES "orders_status" ("id"), "customer_address" varchar(100) NULL, "user_id" integer NULL REFERENCES "auth_user" ("id"));
INSERT INTO orders_order VALUES(1,'user','user@gmail.com','12345','2018-01-03 20:39:09.503171','2018-02-23 22:46:47.322905',1719.4700000000000272,1,'Berlin',1);
INSERT INTO orders_order VALUES(2,'user1','user1@gmail.com','123456','2018-01-04 01:41:09.349041','2018-02-23 22:46:36.487278',1909.9700000000000272,1,'England',1);
INSERT INTO orders_order VALUES(7,'Test','Test@gmail.com','123456','2018-02-17 12:31:44.112835','2018-02-17 12:31:44.568908',2743.4699999999997998,1,'New York',2);
INSERT INTO orders_order VALUES(8,'test2','test2@gmail.com','123456','2018-02-17 12:51:47.900821','2018-02-17 12:51:48.724936',3293.4600000000000363,1,'Great Britian',2);
INSERT INTO orders_order VALUES(9,'Test Name','Testname@gmail.com','1234566','2018-02-17 13:00:32.613699','2018-02-17 13:00:33.245754',3293.4600000000000363,1,'Russia',4);
INSERT INTO orders_order VALUES(10,'User','User@gmail.com','1234567','2018-02-17 13:17:51.761282','2018-02-17 13:17:52.457390',2212.9800000000000182,1,'Poland',5);
INSERT INTO orders_order VALUES(11,'dfgh','dfg@gmail.com','nbnm','2018-02-17 16:51:02.162998','2018-02-17 16:51:02.555023',1099.9800000000000181,1,'xcvbn',6);
INSERT INTO orders_order VALUES(12,'Name test','Emailtest@gmail.com','123454321','2018-02-17 23:45:31.972764','2018-02-17 23:45:33.048976',16047.270000000000436,1,'Franch',7);
INSERT INTO orders_order VALUES(13,'name','email@gmail.com','65432123','2018-02-19 15:16:49.174991','2018-02-19 15:16:50.146089',3332.4600000000000363,1,'Italia',8);
INSERT INTO orders_order VALUES(20,'email','Username@gmail.com','1233210123','2018-02-25 20:14:53.311846','2018-02-25 20:17:32.816272',1663.4900000000000091,1,'Paris',9);
INSERT INTO orders_order VALUES(21,'user2','user2@gmail.com','1234566654321','2018-02-25 20:18:58.742948','2018-02-25 20:28:17.762772',569.9900000000000091,1,'Denchmark',9);
INSERT INTO orders_order VALUES(22,'user2','user2@gmail.com','1234567654321','2018-02-25 20:29:43.765737','2018-02-25 20:29:43.879848',569.49000000000000909,1,'Franch',9);
INSERT INTO orders_order VALUES(23,'user2','user2@gmail.com','1234567654321','2018-02-25 20:29:44.235246','2018-02-25 20:34:11.007490',589.49000000000000907,1,'Franch',9);
INSERT INTO orders_order VALUES(25,'user','user@gmail.com','12345','2018-02-25 20:42:44.406011','2018-02-25 20:42:44.423030',619.49000000000000909,1,'Berlin',9);
INSERT INTO orders_order VALUES(26,'user1','user1@gmail.com','123456','2018-02-25 20:43:15.647155','2018-02-26 14:33:42.578144',1139.4800000000000181,1,'England',7);
INSERT INTO orders_order VALUES(28,'address','Contact@gmail.com','1233210123','2018-02-26 14:08:59.982421','2018-02-26 14:34:33.154035',2793.4699999999997998,1,'Maimi Beatch',9);
INSERT INTO orders_order VALUES(29,'delivery_type','contact@gmail.com','44223311','2018-02-26 14:36:26.608660','2018-02-26 14:36:27.451627',1149.9800000000000181,1,'Australia',11);
INSERT INTO orders_order VALUES(30,'delivery_type','contact@gmail.com','44223311','2018-02-26 14:40:00.880695','2018-02-26 14:40:01.761687',1693.4900000000000091,1,'Australia',11);
INSERT INTO orders_order VALUES(31,'address','contact@gmail.com','44223311','2018-02-26 14:41:17.214581','2018-02-26 14:41:17.456834',50,1,'Australia',11);
INSERT INTO orders_order VALUES(32,'user1','user1@gmail.com','123456','2018-02-26 14:42:54.265734','2018-02-26 14:43:15.520654',1169.4800000000000182,1,'England',2);
INSERT INTO orders_order VALUES(33,'address','Contact@gmail.com','6524312','2018-02-26 14:46:36.268465','2018-02-26 14:46:37.215550',2243.4800000000000182,1,'Germany',12);
INSERT INTO orders_order VALUES(34,'address','You@gmail.com','1 332 452 53 54','2018-03-01 00:27:32.243994','2018-03-01 00:28:11.840555',4950.4700000000002547,1,'London',13);
INSERT INTO orders_order VALUES(35,'delivery_type','element@gmail.com','1 234 532 13 54','2018-03-01 01:41:16.422732','2018-03-01 01:41:17.029432',1149.9800000000000181,1,'Spain',14);
CREATE TABLE IF NOT EXISTS "orders_statusdelivery" ("id" integer NOT NULL PRIMARY KEY AUTOINCREMENT, "status_delivery_name" varchar(32) NULL, "status" bool NOT NULL, "created" datetime NOT NULL, "updated" datetime NOT NULL);
CREATE TABLE IF NOT EXISTS "orders_deliveryinorder" ("id" integer NOT NULL PRIMARY KEY AUTOINCREMENT, "created" datetime NOT NULL, "updated" datetime NOT NULL, "delivery_id" integer NULL REFERENCES "orders_delivery" ("id"), "order_id" integer NULL REFERENCES "orders_order" ("id"), "delivery_status_id" integer NULL REFERENCES "orders_statusdelivery" ("id"));
INSERT INTO orders_deliveryinorder VALUES(1,'2018-02-23 19:56:53.551091','2018-02-23 20:00:48.473756',2,NULL,NULL);
INSERT INTO orders_deliveryinorder VALUES(2,'2018-02-23 22:36:23.737015','2018-02-23 22:46:47.316896',1,1,NULL);
INSERT INTO orders_deliveryinorder VALUES(3,'2018-02-23 22:45:17.611262','2018-02-23 22:46:36.482286',2,2,NULL);
INSERT INTO orders_deliveryinorder VALUES(4,'2018-02-25 20:14:53.565151','2018-02-25 20:17:32.812267',2,20,NULL);
INSERT INTO orders_deliveryinorder VALUES(5,'2018-02-25 20:18:58.768981','2018-02-25 20:28:17.757765',2,21,NULL);
INSERT INTO orders_deliveryinorder VALUES(6,'2018-02-25 20:29:43.829792','2018-02-25 20:29:43.829792',1,22,NULL);
INSERT INTO orders_deliveryinorder VALUES(7,'2018-02-25 20:29:44.257274','2018-02-25 20:34:11.012496',2,23,NULL);
INSERT INTO orders_deliveryinorder VALUES(9,'2018-02-25 20:42:44.419007','2018-02-25 20:42:44.419007',1,25,NULL);
INSERT INTO orders_deliveryinorder VALUES(10,'2018-02-25 20:43:15.659216','2018-02-25 20:43:15.660150',2,26,NULL);
INSERT INTO orders_deliveryinorder VALUES(13,'2018-02-26 14:09:00.436883','2018-02-26 14:09:00.436883',1,28,NULL);
INSERT INTO orders_deliveryinorder VALUES(14,'2018-02-26 14:36:27.051157','2018-02-26 14:36:27.051157',1,29,NULL);
INSERT INTO orders_deliveryinorder VALUES(15,'2018-02-26 14:36:27.561752','2018-02-26 14:36:27.561752',1,29,NULL);
INSERT INTO orders_deliveryinorder VALUES(16,'2018-02-26 14:40:01.580490','2018-02-26 14:40:01.580490',1,30,NULL);
INSERT INTO orders_deliveryinorder VALUES(17,'2018-02-26 14:41:17.576971','2018-02-26 14:41:17.576971',1,31,NULL);
INSERT INTO orders_deliveryinorder VALUES(18,'2018-02-26 14:42:54.270760','2018-02-26 14:42:54.270760',1,32,NULL);
INSERT INTO orders_deliveryinorder VALUES(19,'2018-02-26 14:46:36.512759','2018-02-26 14:46:36.512759',1,33,NULL);
INSERT INTO orders_deliveryinorder VALUES(20,'2018-03-01 00:27:32.565354','2018-03-01 00:27:32.565354',2,34,NULL);
INSERT INTO orders_deliveryinorder VALUES(21,'2018-03-01 01:41:16.727071','2018-03-01 01:41:16.727071',1,35,NULL);
CREATE TABLE IF NOT EXISTS "orders_delivery" ("id" integer NOT NULL PRIMARY KEY AUTOINCREMENT, "created" datetime NOT NULL, "updated" datetime NOT NULL, "delivery_type" varchar(32) NULL, "status_delivery_type" bool NOT NULL, "price_for_delivery_type" integer NULL);
INSERT INTO orders_delivery VALUES(1,'2018-01-03 20:39:09.511161','2018-01-05 00:56:00.339050','To the house',1,50);
INSERT INTO orders_delivery VALUES(2,'2018-01-04 00:43:18.263509','2018-01-04 00:43:18.263509','By mail',1,20);
DELETE FROM sqlite_sequence;
INSERT INTO sqlite_sequence VALUES('django_migrations',52);
INSERT INTO sqlite_sequence VALUES('django_admin_log',229);
INSERT INTO sqlite_sequence VALUES('django_content_type',17);
INSERT INTO sqlite_sequence VALUES('auth_permission',51);
INSERT INTO sqlite_sequence VALUES('auth_user',14);
INSERT INTO sqlite_sequence VALUES('land_sabscriber',2);
INSERT INTO sqlite_sequence VALUES('orders_status',4);
INSERT INTO sqlite_sequence VALUES('orders_productinorder',41);
INSERT INTO sqlite_sequence VALUES('products_product',3);
INSERT INTO sqlite_sequence VALUES('products_productimage',11);
INSERT INTO sqlite_sequence VALUES('orders_productinbasket',129);
INSERT INTO sqlite_sequence VALUES('products_category',4);
INSERT INTO sqlite_sequence VALUES('orders_order',35);
INSERT INTO sqlite_sequence VALUES('orders_statusdelivery',0);
INSERT INTO sqlite_sequence VALUES('orders_deliveryinorder',21);
INSERT INTO sqlite_sequence VALUES('orders_delivery',2);
CREATE UNIQUE INDEX "auth_group_permissions_group_id_permission_id_0cd325b0_uniq" ON "auth_group_permissions" ("group_id", "permission_id");
CREATE INDEX "auth_group_permissions_group_id_b120cbf9" ON "auth_group_permissions" ("group_id");
CREATE INDEX "auth_group_permissions_permission_id_84c5c92e" ON "auth_group_permissions" ("permission_id");
CREATE UNIQUE INDEX "auth_user_groups_user_id_group_id_94350c0c_uniq" ON "auth_user_groups" ("user_id", "group_id");
CREATE INDEX "auth_user_groups_user_id_6a12ed8b" ON "auth_user_groups" ("user_id");
CREATE INDEX "auth_user_groups_group_id_97559544" ON "auth_user_groups" ("group_id");
CREATE UNIQUE INDEX "auth_user_user_permissions_user_id_permission_id_14a6b632_uniq" ON "auth_user_user_permissions" ("user_id", "permission_id");
CREATE INDEX "auth_user_user_permissions_user_id_a95ead1b" ON "auth_user_user_permissions" ("user_id");
CREATE INDEX "auth_user_user_permissions_permission_id_1fbb5f2c" ON "auth_user_user_permissions" ("permission_id");
CREATE INDEX "django_admin_log_content_type_id_c4bce8eb" ON "django_admin_log" ("content_type_id");
CREATE INDEX "django_admin_log_user_id_c564eba6" ON "django_admin_log" ("user_id");
CREATE UNIQUE INDEX "django_content_type_app_label_model_76bd3d3b_uniq" ON "django_content_type" ("app_label", "model");
CREATE UNIQUE INDEX "auth_permission_content_type_id_codename_01ab375a_uniq" ON "auth_permission" ("content_type_id", "codename");
CREATE INDEX "auth_permission_content_type_id_2f476e4b" ON "auth_permission" ("content_type_id");
CREATE INDEX "django_session_expire_date_a5c62663" ON "django_session" ("expire_date");
CREATE INDEX "orders_productinorder_order_id_12dc2f52" ON "orders_productinorder" ("order_id");
CREATE INDEX "orders_productinorder_product_id_43664b5a" ON "orders_productinorder" ("product_id");
CREATE INDEX "products_product_category_id_9b594869" ON "products_product" ("category_id");
CREATE INDEX "products_productimage_product_id_e747596a" ON "products_productimage" ("product_id");
CREATE INDEX "orders_productinbasket_order_id_9e1296b2" ON "orders_productinbasket" ("order_id");
CREATE INDEX "orders_productinbasket_product_id_5757fd66" ON "orders_productinbasket" ("product_id");
CREATE INDEX "orders_order_status_id_d80abc38" ON "orders_order" ("status_id");
CREATE INDEX "orders_order_user_id_e9b59eb1" ON "orders_order" ("user_id");
CREATE INDEX "orders_deliveryinorder_delivery_id_131c098a" ON "orders_deliveryinorder" ("delivery_id");
CREATE INDEX "orders_deliveryinorder_order_id_876ace6c" ON "orders_deliveryinorder" ("order_id");
CREATE INDEX "orders_deliveryinorder_delivery_status_id_9f7cbe63" ON "orders_deliveryinorder" ("delivery_status_id");
COMMIT;
